max_distance,min_distance,avg_distance,avg_speed,path_straightness
8.18356484986626,1.3738101770942437,2.1210885248403937,0.04418934426750821,0.6064415336841915
