max_distance,min_distance,avg_distance,avg_speed,path_straightness
4.045079805083594,0.9406973661306507,2.0705818725228804,0.04313712234422668,0.5503051382748539
