max_distance,min_distance,avg_distance,avg_speed,path_straightness
4.308889871256341,1.3264090525445134,2.0649233696640907,0.0430192368680019,0.5299080710177229
