max_distance,min_distance,avg_distance,avg_speed,path_straightness
3.971406599654931,1.090594584221551,2.006667124437243,0.04180556509244256,0.5026978906981029
