max_distance,min_distance,avg_distance,avg_speed,path_straightness
3.8047732397603546,1.1406554915069063,1.9999563685965513,0.04166575767909482,0.5452787702098321
