max_distance,min_distance,avg_distance,avg_speed,path_straightness
5.717796055676575,0.9482486862788768,2.1016376325698007,0.04378411734520418,0.5923414763207326
