max_distance,min_distance,avg_distance,avg_speed,path_straightness
3.456341168984521,1.1286690929473495,1.888827708506426,0.03935057726055055,0.5893923888248483
