max_distance,min_distance,avg_distance,avg_speed,path_straightness
3.315617572307199,0.8846400757596952,1.9108776541063375,0.03980995112721535,0.6024686398173074
