max_distance,min_distance,avg_distance,avg_speed,path_straightness
6.987679187897053,1.1509102331103673,2.143887901849602,0.044664331288533365,0.5724893116093457
