max_distance,min_distance,avg_distance,avg_speed,path_straightness
7.1543751251839485,1.0760689098245408,2.2459018692388812,0.04678962227581001,0.5285538063473447
