max_distance,min_distance,avg_distance,avg_speed,path_straightness
6.304191061071232,1.6615288522724883,2.640790953466959,0.11003295639445664,0.5538518791660444
