max_distance,min_distance,avg_distance,avg_speed,path_straightness
7.44896260926627,1.5840921844375369,2.7228055490318086,0.11345023120965869,0.48376370781956984
