max_distance,min_distance,avg_distance,avg_speed,path_straightness
6.334348228028242,1.622521847980724,2.8975530474065825,0.12073137697527424,0.5626306150137445
