max_distance,min_distance,avg_distance,avg_speed,path_straightness
11.1191882958881,1.1383418789775794,2.618121216678892,0.10908838402828716,0.44417069825698385
