max_distance,min_distance,avg_distance,avg_speed,path_straightness
5.1942134703237155,1.4907929624100809,2.707952072003692,0.11283133633348714,0.4972183499609964
