max_distance,min_distance,avg_distance,avg_speed,path_straightness
7.287491796777053,1.5669402357188196,2.657531843119948,0.11073049346333116,0.5440853743935296
