max_distance,min_distance,avg_distance,avg_speed,path_straightness
5.721118374501836,1.6630907944970745,2.7138151742310157,0.11307563225962566,0.5168271111646128
