max_distance,min_distance,avg_distance,avg_speed,path_straightness
6.69690955985059,1.6261589844719087,2.571596225198772,0.1071498427166155,0.4889784985742953
