max_distance,min_distance,avg_distance,avg_speed,path_straightness
6.089868963656472,1.629775463797547,2.6368121434394816,0.10986717264331176,0.5006605556035467
