max_distance,min_distance,avg_distance,avg_speed,path_straightness
5.670267770672202,1.5675052424181963,2.6690223134179014,0.1112092630590792,0.5080135562734941
