max_distance,min_distance,avg_distance,avg_speed,path_straightness
7.259712984496483,1.425118320819324,2.766000348682995,0.05762500726422905,0.45353024952629956
