max_distance,min_distance,avg_distance,avg_speed,path_straightness
7.401630710953458,1.56061182693611,2.9668646713747187,0.06180968065363996,0.5184102637483248
