max_distance,min_distance,avg_distance,avg_speed,path_straightness
10.229174924153979,1.6290305349669099,4.707696421817458,0.09807700878786368,0.6186536097273098
