max_distance,min_distance,avg_distance,avg_speed,path_straightness
7.334784736965172,1.6244392927381721,2.8511494825555217,0.05939894755324004,0.4866953403150084
