max_distance,min_distance,avg_distance,avg_speed,path_straightness
8.476399885302731,1.5879669786959827,3.5923150815618214,0.07483989753253795,0.5702377149076673
