max_distance,min_distance,avg_distance,avg_speed,path_straightness
6.8229938311027825,1.6435929098209474,3.293052917200467,0.06860526910834307,0.5347178318452912
