max_distance,min_distance,avg_distance,avg_speed,path_straightness
8.276773500969108,1.610713889631635,3.0786158300614654,0.0641378297929472,0.5360697877447691
