max_distance,min_distance,avg_distance,avg_speed,path_straightness
8.400993221719872,1.5895892533405969,4.22389212750168,0.087997752656285,0.6032048649131571
