max_distance,min_distance,avg_distance,avg_speed,path_straightness
6.630292942394541,1.1256740960048606,2.6669392684103626,0.055561234758549224,0.44626750244802765
