max_distance,min_distance,avg_distance,avg_speed,path_straightness
8.31532088327376,1.5397245385735627,3.408573885491242,0.07101195594773421,0.5606082047508335
