max_distance,min_distance,avg_distance,avg_speed,path_straightness
9.204269901615215,1.617922659366791,2.9730468440378788,0.061938475917455806,0.5121971710664174
