max_distance,min_distance,avg_distance,avg_speed,path_straightness
24.647063151871475,1.426658109100276,3.198084841842868,0.06662676753839308,0.47328744624527985
