max_distance,min_distance,avg_distance,avg_speed,path_straightness
26.44634361458167,1.4834847029544957,3.1988518154195646,0.06664274615457427,0.48430634151295543
