max_distance,min_distance,avg_distance,avg_speed,path_straightness
9.241302721796854,1.2086868430812068,3.1208245116029243,0.06501717732506092,0.5055912615865699
