max_distance,min_distance,avg_distance,avg_speed,path_straightness
7.005427517244706,1.4910101387382164,2.7565569504542147,0.05742826980112948,0.4413331532558193
