max_distance,min_distance,avg_distance,avg_speed,path_straightness
24.042360173553902,1.291789957566383,2.8259629582779784,0.058874228297457885,0.4551102908602235
