max_distance,min_distance,avg_distance,avg_speed,path_straightness
9.241302721796854,1.5033455438319847,3.0346001567187235,0.06322083659830674,0.5155352192125554
