max_distance,min_distance,avg_distance,avg_speed,path_straightness
6.646209639512538,1.42453187960331,2.9377813866882083,0.06120377888933768,0.4850421275504932
