max_distance,min_distance,avg_distance,avg_speed,path_straightness
8.537959149218242,1.582987376533312,2.7277709913227004,0.05682856231922292,0.4812505505094269
