max_distance,min_distance,avg_distance,avg_speed,path_straightness
9.204269901615215,1.299983456236848,2.8736098420914913,0.059866871710239404,0.5154959470280189
