max_distance,min_distance,avg_distance,avg_speed,path_straightness
7.163989815416196,1.486108822964253,2.7087393694009476,0.11286414039170616,0.4655747075661138
