max_distance,min_distance,avg_distance,avg_speed,path_straightness
5.637907550065098,1.6037034000048807,2.5956102371117025,0.10815042654632093,0.461941397240184
