max_distance,min_distance,avg_distance,avg_speed,path_straightness
8.095275604160628,1.658502938523762,2.7845570687179735,0.11602321119658222,0.47441048087477183
