max_distance,min_distance,avg_distance,avg_speed,path_straightness
7.514635090054565,1.5331845969732285,3.0032107519333295,0.1251337813305554,0.5054031046327314
