max_distance,min_distance,avg_distance,avg_speed,path_straightness
9.199036667998481,1.5558409010125733,2.7151497708111845,0.11313124045046602,0.4450008243355617
