max_distance,min_distance,avg_distance,avg_speed,path_straightness
6.881214942160019,1.5767393704312749,2.766652171182606,0.11527717379927525,0.44964714163611086
