max_distance,min_distance,avg_distance,avg_speed,path_straightness
6.950330603125785,1.2937638594913317,2.8499123375406703,0.11874634739752794,0.46772269779956366
