max_distance,min_distance,avg_distance,avg_speed,path_straightness
7.2335797494700556,1.5570818971008067,2.977017886619546,0.12404241194248108,0.4869680807933012
