max_distance,min_distance,avg_distance,avg_speed,path_straightness
6.659006426127389,1.1780274272408002,2.9915597195529298,0.12464832164803873,0.49421253309983443
