max_distance,min_distance,avg_distance,avg_speed,path_straightness
7.740441243544975,1.4985351143521262,2.680517229747328,0.11168821790613867,0.4519618589157915
