max_distance,min_distance,avg_distance,avg_speed,path_straightness
4.7870362081827995,1.0762235410551286,2.2282777674614094,0.0928449069775587,0.556337809669147
