max_distance,min_distance,avg_distance,avg_speed,path_straightness
3.27787840482566,1.064540464922917,1.996690956415999,0.08319545651733329,0.621104774511862
