max_distance,min_distance,avg_distance,avg_speed,path_straightness
3.2374152768765923,1.5000797880078272,2.092055620822548,0.08716898420093949,0.6766233095340074
