max_distance,min_distance,avg_distance,avg_speed,path_straightness
3.3414804062330203,1.027444289548753,1.8716852767692145,0.07798688653205059,0.5983805348031312
