max_distance,min_distance,avg_distance,avg_speed,path_straightness
2.577668283517996,1.3746405944224518,2.001896459924995,0.0834123524968748,0.5066798134885885
