max_distance,min_distance,avg_distance,avg_speed,path_straightness
3.383103401703099,1.5004775729703705,2.3216552151464045,0.09673563396443352,0.726257455403729
