max_distance,min_distance,avg_distance,avg_speed,path_straightness
3.022609732071151,1.477973386158006,1.8482294691214103,0.07700956121339209,0.6069422667230743
