max_distance,min_distance,avg_distance,avg_speed,path_straightness
3.3061993861684855,1.288866938778561,2.084372838599458,0.08684886827497743,0.5303250427581446
