max_distance,min_distance,avg_distance,avg_speed,path_straightness
3.590681470600335,1.5000312866305645,2.0797420033054634,0.0866559168043943,0.6833306198933936
