max_distance,min_distance,avg_distance,avg_speed,path_straightness
4.408893161925625,1.0640216655511383,2.0482339343149194,0.08534308059645498,0.5085821878739863
