max_distance,min_distance,avg_distance,avg_speed,path_straightness
3.401166018335601,1.5000797880078272,2.542377483290581,0.10593239513710756,0.7119416934142028
