max_distance,min_distance,avg_distance,avg_speed,path_straightness
7.678637298929455,1.1420166809658163,2.0902276991757756,0.08709282079899065,0.5581903002714285
