max_distance,min_distance,avg_distance,avg_speed,path_straightness
3.057657943587278,1.1942940967124982,1.9677604174217778,0.08199001739257407,0.5444701258972574
