max_distance,min_distance,avg_distance,avg_speed,path_straightness
3.2374152768765923,1.5000412745980432,2.365450817804599,0.09856045074185832,0.6913796906326933
