max_distance,min_distance,avg_distance,avg_speed,path_straightness
4.254203959166553,1.2646040720754577,2.0679724607723116,0.08616551919884632,0.4879181834226995
