max_distance,min_distance,avg_distance,avg_speed,path_straightness
3.3336292073793903,1.5010481754454676,2.0202972884386914,0.08417905368494547,0.5377403984159519
