max_distance,min_distance,avg_distance,avg_speed,path_straightness
3.0316221913362913,1.502242459447062,1.9184781327851599,0.07993658886604833,0.6208961987510085
