max_distance,min_distance,avg_distance,avg_speed,path_straightness
3.2374152768765923,1.500528558951539,2.3473688439342495,0.09780703516392705,0.6670135775940416
