max_distance,min_distance,avg_distance,avg_speed,path_straightness
3.231552633702067,1.5000797880078272,2.3913389175317072,0.09963912156382113,0.7478125605567217
