max_distance,min_distance,avg_distance,avg_speed,path_straightness
6.719592253204694,0.9955419672849339,2.155046375679671,0.08979359898665296,0.6426589605898388
