max_distance,min_distance,avg_distance,avg_speed,path_straightness
3.602239963489999,1.2154478655415948,2.1084394149381014,0.08785164228908754,0.6010051956170507
