max_distance,min_distance,avg_distance,avg_speed,path_straightness
3.583442390009178,1.501279291242171,2.037173897267842,0.08488224571949338,0.6613530701227223
