max_distance,min_distance,avg_distance,avg_speed,path_straightness
3.7078785564945758,1.5000797880078272,2.2439368042241172,0.09349736684267156,0.6703018298979702
