max_distance,min_distance,avg_distance,avg_speed,path_straightness
5.707060540443436,1.1248666259381592,1.9894383409881502,0.0828932642078396,0.5293822802183974
