max_distance,min_distance,avg_distance,avg_speed,path_straightness
2.5763941443842087,1.4275497737820821,1.8165346292456308,0.07568894288523462,0.5634674972603614
