max_distance,min_distance,avg_distance,avg_speed,path_straightness
3.1054154648287904,1.3096748870938673,2.0607432638361103,0.08586430265983795,0.5001997140895174
