max_distance,min_distance,avg_distance,avg_speed,path_straightness
3.3426220077342452,1.5000797880078272,2.2028546095172032,0.09178560872988348,0.6766607697340354
