max_distance,min_distance,avg_distance,avg_speed,path_straightness
3.2374152768765923,1.4768503091801373,2.109494826840174,0.08789561778500726,0.6875548109835904
