max_distance,min_distance,avg_distance,avg_speed,path_straightness
3.231552633702067,1.500201063580243,2.120419109151195,0.08835079621463315,0.6984893214245791
