max_distance,min_distance,avg_distance,avg_speed,path_straightness
3.196767935628949,1.5000883495428483,2.12583356855452,0.08857639868977167,0.6453446154216073
