max_distance,min_distance,avg_distance,avg_speed,path_straightness
4.330816596041048,1.5001014825628798,2.141207075707834,0.0892169614878264,0.6327974720144272
