max_distance,min_distance,avg_distance,avg_speed,path_straightness
3.086910804616396,1.111151502830496,2.054074778187174,0.08558644909113226,0.5834282621304504
