max_distance,min_distance,avg_distance,avg_speed,path_straightness
3.3336292073793903,1.4884600242915573,2.0306404024764446,0.08461001676985187,0.5904876150247171
