max_distance,min_distance,avg_distance,avg_speed,path_straightness
4.107357002112115,0.6736103775195489,1.8652413415052616,0.0777183892293859,0.5477121830895133
