max_distance,min_distance,avg_distance,avg_speed,path_straightness
3.231552633702067,1.5000138424298157,2.307399842897426,0.09614166012072609,0.7270768480484207
