max_distance,min_distance,avg_distance,avg_speed,path_straightness
4.296480613109166,1.2033469593844193,2.0722771981420456,0.08634488325591856,0.6141519109583254
