max_distance,min_distance,avg_distance,avg_speed,path_straightness
3.4539994873458926,1.149631406166182,1.8663503616815396,0.07776459840339749,0.6361366669962143
