max_distance,min_distance,avg_distance,avg_speed,path_straightness
2.857375830240322,1.5047084945040408,2.0190537094159904,0.08412723789233292,0.578439059521212
