max_distance,min_distance,avg_distance,avg_speed,path_straightness
2.8804676915907046,1.361878103829686,1.973082571040429,0.0822117737933512,0.5886639849741047
