max_distance,min_distance,avg_distance,avg_speed,path_straightness
3.1589185205306283,1.4999448145392755,1.9830813498525977,0.08262838957719154,0.46766128429649967
