max_distance,min_distance,avg_distance,avg_speed,path_straightness
3.007260885415337,1.4623138411114858,2.083004984382633,0.08679187434927638,0.7028097684639679
