max_distance,min_distance,avg_distance,avg_speed,path_straightness
5.904783628924588,0.9822922562764033,1.9299180441091701,0.0804132518378821,0.5895271214589521
