max_distance,min_distance,avg_distance,avg_speed,path_straightness
3.401166018335601,1.5000797880078272,2.5568367395311786,0.10653486414713241,0.7043652048786191
