max_distance,min_distance,avg_distance,avg_speed,path_straightness
2.9143282166711355,1.5030846795053594,2.074406939699883,0.08643362248749514,0.643482846756458
