max_distance,min_distance,avg_distance,avg_speed,path_straightness
3.8285339802512746,1.6188727276274986,2.158127707129151,0.08992198779704796,0.6433061289510578
