max_distance,min_distance,avg_distance,avg_speed,path_straightness
3.583442390009178,1.506385051365844,1.982135931809821,0.08258899715874253,0.632726003020015
