max_distance,min_distance,avg_distance,avg_speed,path_straightness
4.448488425999417,1.4594730798164377,2.148877076821408,0.08953654486755865,0.5274467392722025
