max_distance,min_distance,avg_distance,avg_speed,path_straightness
3.6420776717508594,1.5002568887044787,2.0973765927510963,0.08739069136462901,0.7234575968083737
