max_distance,min_distance,avg_distance,avg_speed,path_straightness
5.767012478839953,1.1592849126991303,2.195578003637186,0.09148241681821606,0.5580362635429182
