max_distance,min_distance,avg_distance,avg_speed,path_straightness
3.231552633702067,1.5000797880078272,2.4584405046309827,0.10243502102629094,0.703206328467036
