max_distance,min_distance,avg_distance,avg_speed,path_straightness
4.11661749127586,1.4186003023005707,2.2992133729962543,0.09580055720817728,0.46805004040604925
