max_distance,min_distance,avg_distance,avg_speed,path_straightness
3.347989139314985,1.4989393504698139,2.109205739616482,0.08788357248402008,0.4776212674558187
