max_distance,min_distance,avg_distance,avg_speed,path_straightness
5.1968397996344375,1.0953975563454044,2.286287989046244,0.0952619995435935,0.501016371059187
