max_distance,min_distance,avg_distance,avg_speed,path_straightness
6.072143240315678,1.2887600892476379,2.3101622044049264,0.09625675851687192,0.49995784028784307
