max_distance,min_distance,avg_distance,avg_speed,path_straightness
11.006332290881518,1.2978264369845212,3.0569957657828364,0.06368741178714242,0.5721347587350121
