max_distance,min_distance,avg_distance,avg_speed,path_straightness
8.76597801218393,1.1666496271123683,2.5883881087316136,0.05392475226524195,0.5435176948994628
