max_distance,min_distance,avg_distance,avg_speed,path_straightness
8.59514211718219,1.1155266312001275,2.4607349388807194,0.051265311226681654,0.5263213666239479
