max_distance,min_distance,avg_distance,avg_speed,path_straightness
11.999079288473014,0.6543681604231405,2.248264294190162,0.046838839462295036,0.5216678260631936
