max_distance,min_distance,avg_distance,avg_speed,path_straightness
11.524996572250505,1.2586037403116022,2.750122689394405,0.05729422269571677,0.5501054040903466
