max_distance,min_distance,avg_distance,avg_speed,path_straightness
11.006332290881518,1.2688749157584465,3.2715810552408398,0.06815793865085082,0.5745239374678145
