max_distance,min_distance,avg_distance,avg_speed,path_straightness
11.604162358075808,1.2040719293452964,2.877256298544006,0.05994283955300013,0.5612447162583158
