max_distance,min_distance,avg_distance,avg_speed,path_straightness
11.604162358075808,1.1255062577718526,3.0631704890721436,0.06381605185566964,0.5574754419038196
