max_distance,min_distance,avg_distance,avg_speed,path_straightness
11.999079288473014,1.1019621546093998,2.4065526311894665,0.05013651314978056,0.5232915842709297
