max_distance,min_distance,avg_distance,avg_speed,path_straightness
8.456539317796311,1.2082048410082329,2.482323946381097,0.051715082216272856,0.5445145033946553
