max_distance,min_distance,avg_distance,avg_speed,path_straightness
5.233246462413083,0.6828155286035913,2.1186332580194613,0.08827638575081088,0.5361838141458661
