max_distance,min_distance,avg_distance,avg_speed,path_straightness
5.828907240130847,1.2964905236913604,2.082957126929802,0.08678988028874175,0.5691490162106931
