max_distance,min_distance,avg_distance,avg_speed,path_straightness
6.018798908218589,0.9583120819289624,2.1033531602687217,0.08763971501119674,0.5647795541851852
