max_distance,min_distance,avg_distance,avg_speed,path_straightness
6.164895797277614,1.0179183579624536,2.169801227127812,0.09040838446365881,0.5315436486891622
