max_distance,min_distance,avg_distance,avg_speed,path_straightness
5.398948430545023,1.069496922071411,2.179467264726983,0.09081113603029094,0.4879724283867549
