max_distance,min_distance,avg_distance,avg_speed,path_straightness
4.612417409036741,0.880527991974876,2.107125251598879,0.0877968854832866,0.5523902202321044
