max_distance,min_distance,avg_distance,avg_speed,path_straightness
6.861462494622356,1.0934020574605645,2.1520945649279746,0.08967060687199896,0.5123630674862405
