max_distance,min_distance,avg_distance,avg_speed,path_straightness
3.5458416516217333,0.5867916496941035,1.818257212793278,0.07576071719971993,0.6412222682629304
