max_distance,min_distance,avg_distance,avg_speed,path_straightness
3.6125501510312708,0.3395444003780245,1.7804504291733447,0.07418543454888936,0.6630115590273863
