max_distance,min_distance,avg_distance,avg_speed,path_straightness
3.997877866866132,0.40830052299584124,1.8948886416571424,0.07895369340238094,0.6236479689515607
