max_distance,min_distance,avg_distance,avg_speed,path_straightness
3.8951197540705986,0.5949333246848613,1.8301330460182175,0.0762555435840924,0.6692981466674487
