max_distance,min_distance,avg_distance,avg_speed,path_straightness
3.487734496935844,0.7252779669493766,1.83321182358857,0.07638382598285708,0.675987720811941
