max_distance,min_distance,avg_distance,avg_speed,path_straightness
4.024568437973054,1.111028092960374,1.8549419134071128,0.07728924639196305,0.6619821428991194
