max_distance,min_distance,avg_distance,avg_speed,path_straightness
4.766578115159914,0.5921290742265352,1.7722741471250285,0.07384475613020951,0.6787401106680897
