max_distance,min_distance,avg_distance,avg_speed,path_straightness
3.4091803216316294,0.881128060565677,1.940106144512116,0.08083775602133816,0.6025449251785755
