max_distance,min_distance,avg_distance,avg_speed,path_straightness
4.447927150442438,1.0580837917495085,1.840101048057217,0.07667087700238405,0.620249140364946
