max_distance,min_distance,avg_distance,avg_speed,path_straightness
4.796015862011266,0.9862333910476313,1.9465421100968476,0.08110592125403532,0.5726590304398544
