max_distance,min_distance,avg_distance,avg_speed,path_straightness
7.6130353214729904,1.506693624722346,3.3094311112923727,0.06894648148525775,0.5694703570938011
