max_distance,min_distance,avg_distance,avg_speed,path_straightness
7.659101054390267,1.5221845516292427,3.188527209900162,0.06642765020625337,0.5336159171073176
