max_distance,min_distance,avg_distance,avg_speed,path_straightness
5.556106029348328,1.6458643035609855,2.5572803454926776,0.05327667386443078,0.486947444242434
