max_distance,min_distance,avg_distance,avg_speed,path_straightness
8.57206519160462,1.6227703832516782,3.3288605936787765,0.06935126236830785,0.5677813606831162
