max_distance,min_distance,avg_distance,avg_speed,path_straightness
11.180818372676283,1.7039994702861003,2.8471546452566905,0.05931572177618106,0.47883079907659293
