max_distance,min_distance,avg_distance,avg_speed,path_straightness
6.679495746490489,1.1488531461506155,3.012671459351139,0.06276398873648208,0.497024349120026
