max_distance,min_distance,avg_distance,avg_speed,path_straightness
7.505767436371611,1.5740123264173116,2.9927897406730977,0.062349786264022856,0.5488693712052076
