max_distance,min_distance,avg_distance,avg_speed,path_straightness
5.495279098601496,1.5017367990025925,2.6213331218642417,0.054611106705505036,0.46859440776584677
