max_distance,min_distance,avg_distance,avg_speed,path_straightness
7.671884525321097,1.5560080445187872,3.677402100174581,0.0766125437536371,0.6037926997214434
