max_distance,min_distance,avg_distance,avg_speed,path_straightness
6.504768745650806,0.9638709317709356,2.9446082168442316,0.06134600451758814,0.48055944531240924
