max_distance,min_distance,avg_distance,avg_speed,path_straightness
3.7121984304339843,1.4205209850093024,2.100237637661699,0.08750990156923746,0.5250117022255715
