max_distance,min_distance,avg_distance,avg_speed,path_straightness
7.096022295770588,1.3840874603027316,2.099003966553853,0.08745849860641051,0.5538875541516057
