max_distance,min_distance,avg_distance,avg_speed,path_straightness
5.477053625290494,0.9456609142191107,2.0385960427965566,0.08494150178318986,0.5451811856881854
