max_distance,min_distance,avg_distance,avg_speed,path_straightness
4.456352908952791,1.2028231116581685,2.154412348116941,0.08976718117153921,0.516753447704645
