max_distance,min_distance,avg_distance,avg_speed,path_straightness
4.154836138852201,0.8398371459530625,1.9832929891355777,0.04131860394032454,0.5921748091912885
