max_distance,min_distance,avg_distance,avg_speed,path_straightness
4.686568649385093,1.0240224043013206,1.9493245298067745,0.04061092770430781,0.6346392353991674
