max_distance,min_distance,avg_distance,avg_speed,path_straightness
4.610277370694434,1.1059974263110302,2.136186852173885,0.04450389275362261,0.525058546442262
