max_distance,min_distance,avg_distance,avg_speed,path_straightness
6.634213524465199,0.8152530000689537,2.167044682504918,0.04514676421885246,0.5435883532186658
