max_distance,min_distance,avg_distance,avg_speed,path_straightness
6.39931842835334,1.0098890446562638,1.9721384958649957,0.04108621866385407,0.595418491757762
