max_distance,min_distance,avg_distance,avg_speed,path_straightness
7.698820012551719,1.0768096619693766,2.214735650516896,0.046140326052435336,0.5263669979937083
