max_distance,min_distance,avg_distance,avg_speed,path_straightness
6.90792125443434,0.6024314897210066,2.0631910226595984,0.04298314630540831,0.579675784082272
