max_distance,min_distance,avg_distance,avg_speed,path_straightness
4.540425464826005,1.022681374385653,2.0384204842536815,0.0424670934219517,0.5552151938714712
