max_distance,min_distance,avg_distance,avg_speed,path_straightness
4.329797959883467,1.1048152582206083,2.2929772645628557,0.04777035967839282,0.5092181574994538
