max_distance,min_distance,avg_distance,avg_speed,path_straightness
3.791292005564518,1.1155543642478034,2.208000646930928,0.04600001347772767,0.5112342633258674
