max_distance,min_distance,avg_distance,avg_speed,path_straightness
6.967573998649353,1.5431867729455417,2.6438260782648664,0.055079709963851385,0.48315366961083706
