max_distance,min_distance,avg_distance,avg_speed,path_straightness
7.815700298360853,1.502767920847754,2.0715618675933207,0.043157538908194175,0.4995955416906789
