max_distance,min_distance,avg_distance,avg_speed,path_straightness
8.500283953921645,1.2068005149102647,2.7372922248758473,0.05702692135158016,0.452364294349256
