max_distance,min_distance,avg_distance,avg_speed,path_straightness
5.7620245461765265,1.152462799667178,2.3702471512590324,0.04938014898456317,0.518251194725294
