max_distance,min_distance,avg_distance,avg_speed,path_straightness
5.89190055393047,1.4289464839447912,2.408007977753738,0.05016683286986955,0.503122232943571
