max_distance,min_distance,avg_distance,avg_speed,path_straightness
10.68037551960765,1.5147721663194131,2.3307856319142894,0.04855803399821437,0.528062248137288
