max_distance,min_distance,avg_distance,avg_speed,path_straightness
5.848947713762056,1.500708958162616,2.0862595485816198,0.043463740595450405,0.5179325634201545
