max_distance,min_distance,avg_distance,avg_speed,path_straightness
6.60677914507965,1.5018388195295336,2.194727799302912,0.04572349581881067,0.5287782890280547
