max_distance,min_distance,avg_distance,avg_speed,path_straightness
7.043501467498195,0.793350811805537,2.6382968874651125,0.05496451848885651,0.45894124800394837
