max_distance,min_distance,avg_distance,avg_speed,path_straightness
7.365657446941456,1.2376320934914835,2.2430892444330492,0.04673102592568853,0.5160880378396103
