max_distance,min_distance,avg_distance,avg_speed,path_straightness
11.21178423574243,1.185654365187873,2.649242037190027,0.055192542441458894,0.534485014132575
