max_distance,min_distance,avg_distance,avg_speed,path_straightness
8.631596330551382,1.050952154511517,2.588613406714236,0.053929445973213246,0.5141721377256878
