max_distance,min_distance,avg_distance,avg_speed,path_straightness
11.21178423574243,1.1990534821946828,2.7341080612842075,0.05696058461008766,0.5431760921821663
