max_distance,min_distance,avg_distance,avg_speed,path_straightness
11.21178423574243,0.9707739113075795,2.8368568645605388,0.05910118467834456,0.5808216024917304
