max_distance,min_distance,avg_distance,avg_speed,path_straightness
6.23506559804336,0.9729339108199356,2.3228990556303315,0.04839373032563191,0.4965521855890204
