max_distance,min_distance,avg_distance,avg_speed,path_straightness
11.23973736143995,1.0945589170569638,2.885083102080034,0.06010589796000072,0.5699623748768188
