max_distance,min_distance,avg_distance,avg_speed,path_straightness
8.942430639495461,1.0289749685919927,2.221684335227301,0.04628509031723544,0.4737767023449749
