max_distance,min_distance,avg_distance,avg_speed,path_straightness
7.179974091263054,0.7972717952952815,2.265270045958274,0.047193125957464055,0.49788837775339817
