max_distance,min_distance,avg_distance,avg_speed,path_straightness
11.21178423574243,1.1251373548901675,2.7752893026941137,0.05781852713946071,0.5505904353944598
