max_distance,min_distance,avg_distance,avg_speed,path_straightness
11.227403178455335,1.2416915696028008,2.401767480840293,0.0500368225175061,0.5119501195723495
