max_distance,min_distance,avg_distance,avg_speed,path_straightness
38.09066245540358,0.9263558461459236,2.960692810110686,0.0616811002106393,0.520728448409495
