max_distance,min_distance,avg_distance,avg_speed,path_straightness
8.232531942226716,1.1765718789330701,2.396970053040803,0.04993687610501672,0.5242515365115793
