max_distance,min_distance,avg_distance,avg_speed,path_straightness
7.443038083517826,1.1470908433774987,2.2684842691249494,0.04726008894010312,0.5181754870380406
