max_distance,min_distance,avg_distance,avg_speed,path_straightness
24.70240381805844,1.2211744605494956,2.67207438401777,0.05566821633370355,0.5211340459103623
