max_distance,min_distance,avg_distance,avg_speed,path_straightness
24.70240381805844,1.248879423609544,2.738390351072059,0.0570497989806679,0.5175634588303998
