max_distance,min_distance,avg_distance,avg_speed,path_straightness
89.3512772345702,1.4131727702045367,3.4568802757841484,0.0720183390788364,0.5282663715819435
