max_distance,min_distance,avg_distance,avg_speed,path_straightness
11.204143488421291,1.1792107618605598,2.4861007017342227,0.051793764619462966,0.5338193489057624
