max_distance,min_distance,avg_distance,avg_speed,path_straightness
109.25976202439038,0.8420338334445393,6.627527997085351,0.13807349993927814,0.5931590612966183
