max_distance,min_distance,avg_distance,avg_speed,path_straightness
89.3512772345702,1.4989373927169796,4.545313023941954,0.09469402133212405,0.5740498159948788
