max_distance,min_distance,avg_distance,avg_speed,path_straightness
6.970294832789648,1.107493296836403,2.509769867621345,0.05228687224211135,0.5082454596756459
