max_distance,min_distance,avg_distance,avg_speed,path_straightness
5.439733199417674,0.9273391268318486,2.203860998905628,0.04591377081053391,0.5150463147951988
