max_distance,min_distance,avg_distance,avg_speed,path_straightness
5.97039742600161,0.8393665929810443,2.186020225574575,0.04554208803280366,0.5094632870903536
