max_distance,min_distance,avg_distance,avg_speed,path_straightness
7.989420485654055,0.7621541615446884,2.306161447854817,0.048045030163642026,0.581586894810382
