max_distance,min_distance,avg_distance,avg_speed,path_straightness
7.532266214693478,0.9194478817994076,2.2250135790529786,0.046354449563603725,0.5950764851803734
