max_distance,min_distance,avg_distance,avg_speed,path_straightness
6.376477690119781,1.042307766803403,2.0937571365733247,0.043619940345277594,0.6500236508824055
