max_distance,min_distance,avg_distance,avg_speed,path_straightness
7.747547996916852,1.2304798610392962,2.214600450204134,0.04613750937925278,0.6163306697079258
