max_distance,min_distance,avg_distance,avg_speed,path_straightness
8.979373652683233,0.8528100447700417,2.2002152851926144,0.045837818441512794,0.5350088902502182
