max_distance,min_distance,avg_distance,avg_speed,path_straightness
8.091361934501712,1.3544668146116843,2.187882349989148,0.04558088229144058,0.6090611550090556
