max_distance,min_distance,avg_distance,avg_speed,path_straightness
7.152040244398527,1.1344713598797866,2.076617275308005,0.04326285990225011,0.6479491457987026
