max_distance,min_distance,avg_distance,avg_speed,path_straightness
9.333351895247054,1.3644714351560687,2.4629022466156107,0.051310463471158564,0.6113940498123686
