max_distance,min_distance,avg_distance,avg_speed,path_straightness
79.56064429297804,1.3494377894555505,5.63601563623693,0.11741699242160268,0.5384752118927801
