max_distance,min_distance,avg_distance,avg_speed,path_straightness
84.76705881361463,1.3960634624832249,10.622194003211087,0.221295708400231,0.5593554473845712
