max_distance,min_distance,avg_distance,avg_speed,path_straightness
109.32261913402829,1.7397965379249196,23.12910868127158,0.48185643085982455,0.4465217353422912
