max_distance,min_distance,avg_distance,avg_speed,path_straightness
106.20510570864916,1.845696162916279,21.995341734583857,0.4582362861371637,0.47544462696854994
