max_distance,min_distance,avg_distance,avg_speed,path_straightness
94.52965726355747,1.912617056150774,24.328355341975723,0.5068407362911609,0.4048877171242642
