max_distance,min_distance,avg_distance,avg_speed,path_straightness
45.75976337413043,1.0139101514272024,2.303291299981135,0.04798523541627365,0.5212230459377489
