max_distance,min_distance,avg_distance,avg_speed,path_straightness
93.03677797352378,1.6785324224831473,17.26066479260235,0.3595971831792156,0.5013180640441391
