max_distance,min_distance,avg_distance,avg_speed,path_straightness
79.56064429297804,1.1034924077578188,2.95348639979277,0.06153096666234938,0.5230117492562503
