max_distance,min_distance,avg_distance,avg_speed,path_straightness
47.03914873683431,0.9893822819100813,2.469198453611786,0.05144163445024553,0.5166867922667212
