max_distance,min_distance,avg_distance,avg_speed,path_straightness
109.32261913402829,1.909851359404294,22.91708305967523,0.47743923040990066,0.45078685287128084
