max_distance,min_distance,avg_distance,avg_speed,path_straightness
10.500295625584227,1.441769637943162,3.646098138148033,0.07596037787808402,0.5776702270728915
