max_distance,min_distance,avg_distance,avg_speed,path_straightness
9.030856372461326,1.1515440741381224,2.915510193942467,0.06073979570713471,0.48534799080107377
