max_distance,min_distance,avg_distance,avg_speed,path_straightness
10.500295625584227,1.5739831314512849,4.1658117905444,0.08678774563634167,0.6016188602069176
