max_distance,min_distance,avg_distance,avg_speed,path_straightness
9.338653740885547,1.5679295823749284,3.5158667849317493,0.07324722468607811,0.5782220957168653
