max_distance,min_distance,avg_distance,avg_speed,path_straightness
9.508152389927591,1.5830277466346412,3.161630833162912,0.06586730902422734,0.549143328633156
