max_distance,min_distance,avg_distance,avg_speed,path_straightness
10.460312024302112,1.5969889996841218,3.0579996050336633,0.06370832510486799,0.5143166284066643
