max_distance,min_distance,avg_distance,avg_speed,path_straightness
7.7140856259646275,1.5019773854951028,2.688000157353523,0.05600000327819839,0.46759339636174
