max_distance,min_distance,avg_distance,avg_speed,path_straightness
7.855614128858561,1.5139436287783226,2.6954742111195715,0.05615571273165775,0.47755917753173643
