max_distance,min_distance,avg_distance,avg_speed,path_straightness
6.798708058299689,1.1487959490054283,2.6818374479361013,0.05587161349866877,0.44440006675165733
