max_distance,min_distance,avg_distance,avg_speed,path_straightness
9.629640119703806,1.4568617496768714,3.312272009021595,0.06900566685461657,0.5562306789065022
