max_distance,min_distance,avg_distance,avg_speed,path_straightness
7.594538458251927,1.1378150700356013,2.0312149426640063,0.042316977972166804,0.6099077485592653
