max_distance,min_distance,avg_distance,avg_speed,path_straightness
7.161243365863253,0.6769676638346789,2.0573216101647716,0.04286086687843275,0.5956348558262278
