max_distance,min_distance,avg_distance,avg_speed,path_straightness
8.357058841736277,0.7681147698079107,2.2487517869919826,0.046848995562332976,0.5087153038776216
