max_distance,min_distance,avg_distance,avg_speed,path_straightness
6.2381267262108855,0.9122635840142823,2.045494056489651,0.04261445951020106,0.5973053428180145
