max_distance,min_distance,avg_distance,avg_speed,path_straightness
7.7760689109702055,0.7529727156550602,2.164685902358691,0.045097622965806064,0.5806871303537736
