max_distance,min_distance,avg_distance,avg_speed,path_straightness
7.6776327215753035,1.249525046408515,2.0561773310883025,0.042837027731006304,0.6230278083534212
