max_distance,min_distance,avg_distance,avg_speed,path_straightness
15.936345089562593,1.002936325628462,2.222651771220579,0.04630524523376207,0.5366851842668384
