max_distance,min_distance,avg_distance,avg_speed,path_straightness
6.895907650703328,0.9094030602515191,2.1114134374873474,0.04398777994765307,0.5883147761385827
