max_distance,min_distance,avg_distance,avg_speed,path_straightness
7.823783484883211,0.07785427936482983,2.132778590603493,0.04443288730423942,0.5738064735215863
