max_distance,min_distance,avg_distance,avg_speed,path_straightness
8.53307719979897,0.4354255872189874,2.2055242863969933,0.04594842263327068,0.5335329246722514
