max_distance,min_distance,avg_distance,avg_speed,path_straightness
57.68503673733928,1.4745343624812333,3.4742507719155356,0.072380224414907,0.5567948173464138
