max_distance,min_distance,avg_distance,avg_speed,path_straightness
10.466413922702483,1.4999888381011894,3.376927214423617,0.07035265030049202,0.5645623380723305
