max_distance,min_distance,avg_distance,avg_speed,path_straightness
8.340255500011033,1.010596514588041,2.721108370357768,0.05668975771578683,0.4485298837754252
