max_distance,min_distance,avg_distance,avg_speed,path_straightness
8.149353781619595,1.2208300825096532,2.8325392596507033,0.05901123457605633,0.5106651460082774
