max_distance,min_distance,avg_distance,avg_speed,path_straightness
7.967388186346343,1.514105698816619,2.710310505048805,0.05646480218851677,0.4609636387744966
