max_distance,min_distance,avg_distance,avg_speed,path_straightness
10.30112173360732,1.4999491296649177,3.4129814021025533,0.07110377921046984,0.5556122234809074
