max_distance,min_distance,avg_distance,avg_speed,path_straightness
10.393699068763453,1.241930213592539,3.076783513968005,0.06409965654100011,0.5159415730799517
