max_distance,min_distance,avg_distance,avg_speed,path_straightness
7.58482475933497,1.1200154858644507,2.8131548748810355,0.05860739322668825,0.4886424188788734
