max_distance,min_distance,avg_distance,avg_speed,path_straightness
8.602284326100603,1.4421776744792727,3.029469703679608,0.06311395215999183,0.522159716084109
