max_distance,min_distance,avg_distance,avg_speed,path_straightness
9.926926600478417,1.3672270994670304,2.7450394170604318,0.057188321188758995,0.4864083593085683
