max_distance,min_distance,avg_distance,avg_speed,path_straightness
8.57115881115104,1.052131076061091,2.82436515020524,0.05884094062927582,0.507174492925812
