max_distance,min_distance,avg_distance,avg_speed,path_straightness
7.475058296480196,1.6360533678964788,2.713790706339783,0.056537306382078815,0.4734965199509128
