max_distance,min_distance,avg_distance,avg_speed,path_straightness
7.742776606941735,1.5060454847770446,3.031352067865523,0.06315316808053173,0.5295608178756297
