max_distance,min_distance,avg_distance,avg_speed,path_straightness
8.422486867048015,1.501117313526812,3.099759521057503,0.06457832335536466,0.5474222345171182
