max_distance,min_distance,avg_distance,avg_speed,path_straightness
10.23782780745977,0.9606816038013334,2.862247865611762,0.05963016386691171,0.5253516531323895
