max_distance,min_distance,avg_distance,avg_speed,path_straightness
8.741925363747807,1.5453900825066067,2.7025047962170126,0.056302183254521104,0.48057439582904654
