max_distance,min_distance,avg_distance,avg_speed,path_straightness
7.895448779260283,1.4693359689036636,2.912250447107155,0.060671884314732395,0.492036615647447
