max_distance,min_distance,avg_distance,avg_speed,path_straightness
6.780687229569591,1.373582334282461,2.7272363861631024,0.0568174247117313,0.4831620344534763
