max_distance,min_distance,avg_distance,avg_speed,path_straightness
12.137151619289515,1.4254440880128372,3.161391606209761,0.06586232512937001,0.5641082322362958
