max_distance,min_distance,avg_distance,avg_speed,path_straightness
8.052972248210164,1.2799509754189216,2.6925402851435427,0.056094589273823804,0.4544555973792964
