max_distance,min_distance,avg_distance,avg_speed,path_straightness
3.973790425400203,1.2775280787316994,2.2095109203196297,0.046031477506658945,0.5618761206035259
