max_distance,min_distance,avg_distance,avg_speed,path_straightness
4.668164618426351,1.4184323758620996,2.271896888562983,0.04733118517839548,0.5026119663141505
