max_distance,min_distance,avg_distance,avg_speed,path_straightness
5.154526127063592,1.1982937368741349,2.1681447055475127,0.04516968136557318,0.5139867417346661
