max_distance,min_distance,avg_distance,avg_speed,path_straightness
5.905347314164845,1.6053035425753102,2.9714834675591293,0.061905905574148525,0.5073352025214927
