max_distance,min_distance,avg_distance,avg_speed,path_straightness
5.729749194509038,1.5019812098230525,2.8354096326890437,0.059071034014355074,0.4656582761234285
