max_distance,min_distance,avg_distance,avg_speed,path_straightness
6.660592086632346,1.60799017195429,3.021222294089043,0.06294213112685507,0.509632391558188
