max_distance,min_distance,avg_distance,avg_speed,path_straightness
4.5824197618574996,1.4999436569775855,2.2838834447385348,0.04758090509871946,0.5975488736661769
