max_distance,min_distance,avg_distance,avg_speed,path_straightness
6.354425306172799,1.5137583712120024,2.9081369736905818,0.06058618695188709,0.5714473157628615
