max_distance,min_distance,avg_distance,avg_speed,path_straightness
5.883230873480016,1.4999423859279735,3.034745150536152,0.06322385730283651,0.5943346731514509
