max_distance,min_distance,avg_distance,avg_speed,path_straightness
4.970425214837473,0.7523901582126999,2.386186245812384,0.04971221345442468,0.47544682703404634
