max_distance,min_distance,avg_distance,avg_speed,path_straightness
5.414888623477136,1.3341403272397192,2.2444133299227964,0.09351722208011654,0.500310901472232
