max_distance,min_distance,avg_distance,avg_speed,path_straightness
6.561129159590032,1.2921474972465705,2.4903811823807938,0.10376588259919975,0.5195269497761086
