max_distance,min_distance,avg_distance,avg_speed,path_straightness
6.8175638273573025,1.3585191780389272,2.6010206808803424,0.10837586170334758,0.51681044722793
