max_distance,min_distance,avg_distance,avg_speed,path_straightness
5.631087485404462,1.2489072177553582,2.24215241420522,0.09342301725855083,0.5055977498711798
