max_distance,min_distance,avg_distance,avg_speed,path_straightness
6.780972223781622,0.8766759161790441,2.5091071630879247,0.10454613179533019,0.5024371919195033
