max_distance,min_distance,avg_distance,avg_speed,path_straightness
6.780972223781622,1.3072415504232822,2.5071798529905953,0.1044658272079415,0.562241099205226
