max_distance,min_distance,avg_distance,avg_speed,path_straightness
7.3640250922362185,0.997423829887551,2.2638902821489637,0.0471643808781034,0.5243984255124895
