max_distance,min_distance,avg_distance,avg_speed,path_straightness
7.507294225504818,1.011018107144334,2.2353282807023094,0.04656933918129811,0.5129185475591767
