max_distance,min_distance,avg_distance,avg_speed,path_straightness
10.775440062097688,1.258243870228081,2.586001654344611,0.05387503446551273,0.5301541847548057
