max_distance,min_distance,avg_distance,avg_speed,path_straightness
6.248006943742144,0.7988116698793425,2.081434314388173,0.04336321488308693,0.4794902971886469
