max_distance,min_distance,avg_distance,avg_speed,path_straightness
45.30199630084596,1.227793794286282,2.9691067677712772,0.06185639099523495,0.5410085881633878
