max_distance,min_distance,avg_distance,avg_speed,path_straightness
15.313680636088856,1.274923046385976,2.790609401095287,0.05813769585615182,0.536183321783298
