max_distance,min_distance,avg_distance,avg_speed,path_straightness
6.601050603820715,0.6648627998481194,2.1399584001561154,0.04458246666991908,0.48485163811521
