max_distance,min_distance,avg_distance,avg_speed,path_straightness
7.710033388593694,0.49404600881808886,2.279948127634086,0.04749891932571013,0.5154712165923807
