max_distance,min_distance,avg_distance,avg_speed,path_straightness
6.01320903259246,0.5026999010502661,2.1563847455645235,0.044924682199260914,0.4836223685045333
