max_distance,min_distance,avg_distance,avg_speed,path_straightness
7.821419907907564,0.8264426223224999,2.41110635726355,0.05023138244299062,0.5197113247632288
