max_distance,min_distance,avg_distance,avg_speed,path_straightness
3.2149733107976273,1.2446755211773106,2.008981222475559,0.08370755093648163,0.5824951789039724
