max_distance,min_distance,avg_distance,avg_speed,path_straightness
3.5838108354013998,1.2595339033948192,2.193137962922382,0.09138074845509925,0.5402747170486576
