max_distance,min_distance,avg_distance,avg_speed,path_straightness
3.385939448845304,0.8792716023359798,2.206721310893178,0.09194672128721576,0.5784260160606611
