max_distance,min_distance,avg_distance,avg_speed,path_straightness
3.793956572818975,0.9350363692328888,2.068269769132061,0.08617790704716922,0.5313864508816353
