max_distance,min_distance,avg_distance,avg_speed,path_straightness
3.428107346757303,1.4999387203844143,2.2009363483604965,0.09170568118168734,0.627643690216881
