max_distance,min_distance,avg_distance,avg_speed,path_straightness
3.5793189124897458,1.66647054279013,2.203381569429873,0.09180756539291136,0.5494491602208647
