max_distance,min_distance,avg_distance,avg_speed,path_straightness
2.8789450065351545,1.4432194237181024,2.1360634374313676,0.08900264322630697,0.5400448943596539
