max_distance,min_distance,avg_distance,avg_speed,path_straightness
2.8639318868169488,0.6966438296766031,1.9913231176346233,0.08297179656810931,0.5750240322639946
