max_distance,min_distance,avg_distance,avg_speed,path_straightness
3.576943912337717,0.49349998427357505,2.119106863107751,0.08829611929615629,0.5778014090537382
