max_distance,min_distance,avg_distance,avg_speed,path_straightness
3.928846491861705,1.3694228880193084,2.1516945140739803,0.08965393808641585,0.5858272575269436
