max_distance,min_distance,avg_distance,avg_speed,path_straightness
5.6543832758689465,1.5141778444809886,2.198301100063423,0.0915958791693093,0.6094295721203576
