max_distance,min_distance,avg_distance,avg_speed,path_straightness
4.831253827006196,1.4739203956338502,2.404267682700571,0.10017782011252377,0.4660264516427815
