max_distance,min_distance,avg_distance,avg_speed,path_straightness
4.6594500340229885,1.654841995110828,2.2953607924059387,0.09564003301691412,0.5072651102910715
