max_distance,min_distance,avg_distance,avg_speed,path_straightness
3.9315816637432794,1.4559898667704905,2.1711927134767937,0.09046636306153306,0.45667479754249174
