max_distance,min_distance,avg_distance,avg_speed,path_straightness
3.310722554051504,1.498935871168684,2.1768056836709215,0.09070023681962174,0.6036508599426981
