max_distance,min_distance,avg_distance,avg_speed,path_straightness
3.992986598637982,1.309769515469332,2.1203081876419896,0.08834617448508288,0.518311067419533
