max_distance,min_distance,avg_distance,avg_speed,path_straightness
7.434466160230687,1.0185465669834344,2.650336509693271,0.11043068790388628,0.51071792025856
