max_distance,min_distance,avg_distance,avg_speed,path_straightness
7.546697270850716,1.4092862383645295,2.6583855518020307,0.11076606465841793,0.4815843502499473
