max_distance,min_distance,avg_distance,avg_speed,path_straightness
10.541106956086454,1.561497373379207,2.7134452928687853,0.1130602205361994,0.487894795404031
