max_distance,min_distance,avg_distance,avg_speed,path_straightness
7.625290123032903,1.5731919858259182,2.6748784353616495,0.1114532681400687,0.4901249065220818
