max_distance,min_distance,avg_distance,avg_speed,path_straightness
7.6115539006292146,1.5020021463021396,2.6227708969242265,0.10928212070517612,0.5440042305258601
