max_distance,min_distance,avg_distance,avg_speed,path_straightness
7.385868853593687,1.5005147070841045,2.404534651298565,0.10018894380410687,0.525533070556545
