max_distance,min_distance,avg_distance,avg_speed,path_straightness
9.272546488020454,1.0497028375677695,2.6775979385946957,0.11156658077477898,0.45324487015272796
