max_distance,min_distance,avg_distance,avg_speed,path_straightness
8.532017923815953,1.2786467493334455,2.667575642370733,0.11114898509878054,0.5206000235807737
