max_distance,min_distance,avg_distance,avg_speed,path_straightness
7.6115539006292146,1.1904398925369284,2.4682955515022345,0.10284564797925975,0.5266467797315699
