max_distance,min_distance,avg_distance,avg_speed,path_straightness
7.719978497803371,1.5014490166564158,2.680592443435173,0.11169135180979886,0.5457069181263576
