max_distance,min_distance,avg_distance,avg_speed,path_straightness
10.792699202577989,1.500241617027454,2.695267295945353,0.05615140199886151,0.5753371285674234
