max_distance,min_distance,avg_distance,avg_speed,path_straightness
10.792699202577989,1.2286417382043346,2.9097875334039456,0.06062057361258222,0.5563157862232081
