max_distance,min_distance,avg_distance,avg_speed,path_straightness
6.113766140526959,1.4989363434417142,2.458177403317975,0.05121202923579116,0.5589497999321373
