max_distance,min_distance,avg_distance,avg_speed,path_straightness
7.385578212612024,1.4787336024857198,2.5943276481277313,0.054048492669327736,0.5607167203863086
