max_distance,min_distance,avg_distance,avg_speed,path_straightness
6.548349173064099,1.5127157570520509,2.7148311354912154,0.056558981989400306,0.5460341389466188
