max_distance,min_distance,avg_distance,avg_speed,path_straightness
7.247774174165581,1.5124208559423746,2.413775831063034,0.05028699648047987,0.5914738419807211
