max_distance,min_distance,avg_distance,avg_speed,path_straightness
7.010749238638252,1.3637747644369667,2.3448747161739205,0.04885155658695667,0.5058625466351558
