max_distance,min_distance,avg_distance,avg_speed,path_straightness
6.876922806267327,1.575649122213364,2.765082425318805,0.05760588386080843,0.5376665221794292
