max_distance,min_distance,avg_distance,avg_speed,path_straightness
7.385578212612024,1.575649122213364,2.7848643651713667,0.05801800760773681,0.5557236458973904
