max_distance,min_distance,avg_distance,avg_speed,path_straightness
6.064402271089882,1.5014898085504698,2.6557475464682203,0.0553280738847546,0.5927095036050058
