max_distance,min_distance,avg_distance,avg_speed,path_straightness
4.899611902038765,0.9317257711458266,2.3821959527456653,0.09925816469773605,0.474816036584025
