max_distance,min_distance,avg_distance,avg_speed,path_straightness
5.389245935291418,1.3078086405822595,2.3162104372570465,0.0965087682190436,0.5008716569158316
