max_distance,min_distance,avg_distance,avg_speed,path_straightness
5.345389382420318,1.471583090830924,2.39799989004949,0.09991666208539543,0.49055319207636777
