max_distance,min_distance,avg_distance,avg_speed,path_straightness
6.364897800446712,1.1459971220929832,2.500300797798704,0.10417919990827934,0.4909732829843799
