max_distance,min_distance,avg_distance,avg_speed,path_straightness
6.460677761052695,1.4867122864516247,2.398485189872588,0.09993688291135781,0.45936161850883733
