max_distance,min_distance,avg_distance,avg_speed,path_straightness
8.208585167895402,0.0,2.309689022991787,0.09623704262465779,
