max_distance,min_distance,avg_distance,avg_speed,path_straightness
6.160961098358052,1.5004359447534723,2.6225760874754394,0.10927400364480994,0.4864848532329046
