max_distance,min_distance,avg_distance,avg_speed,path_straightness
5.121713777300381,1.1148830601800372,2.6319255620997524,0.10966356508748966,0.4915057826294321
