max_distance,min_distance,avg_distance,avg_speed,path_straightness
4.460033917047207,1.369684839976257,2.2059916296965243,0.09191631790402184,0.49311367400502726
