max_distance,min_distance,avg_distance,avg_speed,path_straightness
7.196403494595134,1.0302640168868178,2.3988780566853922,0.09995325236189136,0.4665710599884033
