max_distance,min_distance,avg_distance,avg_speed,path_straightness
6.6384721190556775,0.6187571104558424,2.3552866706756608,0.09813694461148587,0.5125002962474418
