max_distance,min_distance,avg_distance,avg_speed,path_straightness
5.211849494026192,0.0,2.4435676630520726,0.10181531929383636,
