max_distance,min_distance,avg_distance,avg_speed,path_straightness
5.2935148908697816,0.9429962927282068,2.428741764671502,0.10119757352797924,0.4702158711492921
