max_distance,min_distance,avg_distance,avg_speed,path_straightness
5.6305106541243894,0.0,2.314491520316584,0.09643714667985769,
