max_distance,min_distance,avg_distance,avg_speed,path_straightness
4.500419412960187,0.9378136526564438,2.127163149771972,0.08863179790716551,0.5184757078107403
