max_distance,min_distance,avg_distance,avg_speed,path_straightness
5.656880881790534,0.38000965891259436,2.3367336366775406,0.09736390152823084,0.4111154123454681
