max_distance,min_distance,avg_distance,avg_speed,path_straightness
6.530026710175628,1.2570886297629111,2.420927155609499,0.10087196481706245,0.4744049206506273
