max_distance,min_distance,avg_distance,avg_speed,path_straightness
6.5591908688739675,1.2447892502523028,2.4068013635179137,0.10028339014657972,0.4912785593154559
