max_distance,min_distance,avg_distance,avg_speed,path_straightness
6.673587379076501,0.0,2.270564005228906,0.09460683355120442,
