max_distance,min_distance,avg_distance,avg_speed,path_straightness
5.155851441002479,1.507873741530173,2.364984952300589,0.09854103967919117,0.47651646314747836
