max_distance,min_distance,avg_distance,avg_speed,path_straightness
6.425719236002941,1.0825259699451097,2.4579555692922592,0.10241481538717748,0.46077068240290475
