max_distance,min_distance,avg_distance,avg_speed,path_straightness
7.247726995251209,0.0,2.37466671476574,0.09894444644857249,
