max_distance,min_distance,avg_distance,avg_speed,path_straightness
4.036409039688283,0.9959762014130112,2.1212335624163305,0.0883847317673471,0.4930994607079491
