max_distance,min_distance,avg_distance,avg_speed,path_straightness
6.519216463612946,1.0691531403866512,2.4257870465748006,0.10107446027395003,0.5045042352665354
