max_distance,min_distance,avg_distance,avg_speed,path_straightness
4.543311661012838,0.0,2.2581582369241575,0.09408992653850656,
