max_distance,min_distance,avg_distance,avg_speed,path_straightness
7.160622346847665,0.8676888622471297,2.4535576925700484,0.102231570523752,0.4568632433695178
