max_distance,min_distance,avg_distance,avg_speed,path_straightness
5.223244241885372,0.47716787689092965,2.277814604582657,0.09490894185761072,0.46654707471393553
