max_distance,min_distance,avg_distance,avg_speed,path_straightness
4.883724202718438,1.2150637186996516,2.4941832751294375,0.10392430313039322,0.4726373788384731
