max_distance,min_distance,avg_distance,avg_speed,path_straightness
7.856677643817541,0.0,2.355842183824621,0.09816009099269257,
