max_distance,min_distance,avg_distance,avg_speed,path_straightness
7.855404198583131,1.1364342694565917,2.471351617442953,0.10297298406012305,0.5011154334747436
