max_distance,min_distance,avg_distance,avg_speed,path_straightness
8.988371055169837,1.4999372462003688,3.8944618759180867,0.08113462241496013,0.6938011690184044
