max_distance,min_distance,avg_distance,avg_speed,path_straightness
8.870357149263965,1.5001198663214919,3.9162491992823205,0.08158852498504832,0.6924222572091725
