max_distance,min_distance,avg_distance,avg_speed,path_straightness
8.870357149263965,1.4999427063543098,4.0932531300717585,0.08527610687649495,0.6673422968978306
