max_distance,min_distance,avg_distance,avg_speed,path_straightness
9.417921200059018,1.1567431404598676,2.4872830392431795,0.05181839665089958,0.5551065464175569
