max_distance,min_distance,avg_distance,avg_speed,path_straightness
10.570505056554238,1.0833899454137,4.338808294108542,0.09039183946059463,0.6535131944730915
