max_distance,min_distance,avg_distance,avg_speed,path_straightness
10.364612339065806,0.7766274547315922,3.0946795250278343,0.06447249010474655,0.5489441215235452
