max_distance,min_distance,avg_distance,avg_speed,path_straightness
24.538437779280393,1.4477999193538773,3.454425359877248,0.07196719499744267,0.589661173331623
