max_distance,min_distance,avg_distance,avg_speed,path_straightness
9.042524386114497,1.085863806448118,2.6730273330477745,0.055688069438495316,0.537997690451025
