max_distance,min_distance,avg_distance,avg_speed,path_straightness
10.17158902517768,1.4231948719280392,4.074266069523183,0.08488054311506633,0.6340937164698495
