max_distance,min_distance,avg_distance,avg_speed,path_straightness
10.77014630466281,1.3239958947648611,4.358362923721511,0.09079922757753149,0.6513124168795792
