max_distance,min_distance,avg_distance,avg_speed,path_straightness
10.510514537865255,1.4999448777701483,4.30455133854423,0.08967815288633812,0.6713361973510242
