max_distance,min_distance,avg_distance,avg_speed,path_straightness
8.870357149263965,1.499946909060863,3.7519230247012585,0.07816506301460953,0.6818730408651611
