max_distance,min_distance,avg_distance,avg_speed,path_straightness
10.17158902517768,1.3687431363610032,4.322854055678328,0.09005945949329851,0.6512052309118421
