max_distance,min_distance,avg_distance,avg_speed,path_straightness
9.41573218120489,1.5001249429676438,3.7911898288222847,0.0789831214337976,0.6782499269031581
