max_distance,min_distance,avg_distance,avg_speed,path_straightness
8.870357149263965,1.5000012241140834,3.7958622411135834,0.07908046335653299,0.6609057625793394
