max_distance,min_distance,avg_distance,avg_speed,path_straightness
6.051475218753431,0.5335310960654888,2.0595115904804384,0.042906491468342474,0.484131686963143
