max_distance,min_distance,avg_distance,avg_speed,path_straightness
10.510514537865255,0.9728458771546241,4.412794766781367,0.09193322430794516,0.6548447000909148
