max_distance,min_distance,avg_distance,avg_speed,path_straightness
8.988371055169837,1.5001146954718916,4.030844873819909,0.0839759348712481,0.6772573740919426
