max_distance,min_distance,avg_distance,avg_speed,path_straightness
8.632458332387511,1.5000992497506713,3.6779365711383627,0.07662367856538257,0.6826981594812679
