max_distance,min_distance,avg_distance,avg_speed,path_straightness
10.0813469907789,1.4999391990131135,4.289811940875509,0.08937108210157313,0.6633146228698638
