max_distance,min_distance,avg_distance,avg_speed,path_straightness
9.458966704988113,0.6187212971692322,2.3174951561503083,0.048281149086464754,0.5144100565357189
