max_distance,min_distance,avg_distance,avg_speed,path_straightness
10.04863186218583,1.5003358821588715,4.24170672695714,0.08836889014494041,0.6634674601110866
