max_distance,min_distance,avg_distance,avg_speed,path_straightness
9.395016558200046,1.5000457884331349,3.7756061495612743,0.07865846144919321,0.6872963430619121
