max_distance,min_distance,avg_distance,avg_speed,path_straightness
10.013387227415306,1.49996352309783,3.6538606037662373,0.0761220959117966,0.7008465471234689
