max_distance,min_distance,avg_distance,avg_speed,path_straightness
9.673260640204386,1.500118866230581,4.025406180725378,0.08386262876511204,0.6830443865012609
