max_distance,min_distance,avg_distance,avg_speed,path_straightness
9.923836685451317,1.353120057729168,4.006227962565747,0.08346308255345307,0.6166553439196616
