max_distance,min_distance,avg_distance,avg_speed,path_straightness
10.060213129384016,1.507410007335038,3.762555493636537,0.07838657278409451,0.6106583837944668
