max_distance,min_distance,avg_distance,avg_speed,path_straightness
5.550645467047392,0.785298611384288,2.06704744774612,0.04306348849471082,0.47234237619600294
