max_distance,min_distance,avg_distance,avg_speed,path_straightness
8.870357149263965,1.5001153464212087,3.777193591677653,0.07869153315995112,0.6886164216104632
