max_distance,min_distance,avg_distance,avg_speed,path_straightness
10.255973561452878,1.3239958947648611,4.398127571665226,0.09162765774302555,0.661889205492725
