max_distance,min_distance,avg_distance,avg_speed,path_straightness
7.7600190834828515,1.49994025906824,3.609087509502308,0.07518932311463142,0.707173442670233
