max_distance,min_distance,avg_distance,avg_speed,path_straightness
10.225844746693943,0.7517434955598806,2.793200068534282,0.0581916680944642,0.5752442136670932
