max_distance,min_distance,avg_distance,avg_speed,path_straightness
8.654953812999356,1.5000680033697504,3.6203004547984152,0.07542292614163365,0.7002759789737786
