max_distance,min_distance,avg_distance,avg_speed,path_straightness
26.80316473111899,1.2310234671886853,3.485056535566885,0.07260534449097678,0.5741170014987201
