max_distance,min_distance,avg_distance,avg_speed,path_straightness
9.458966704988113,0.8911942688254937,2.398559780788906,0.0499699954331022,0.5301351305767014
