max_distance,min_distance,avg_distance,avg_speed,path_straightness
9.722651881940708,0.6617460155689501,2.257817816832669,0.04703787118401394,0.5194661524481674
