max_distance,min_distance,avg_distance,avg_speed,path_straightness
10.113830801237295,1.3528565044266048,3.8494888184515386,0.08019768371774039,0.6083685897483032
