max_distance,min_distance,avg_distance,avg_speed,path_straightness
9.345674089485644,0.9031187355887066,2.1997504937996144,0.04582813528749195,0.49631174205094303
