max_distance,min_distance,avg_distance,avg_speed,path_straightness
8.988371055169837,1.499946909060863,3.9336340404752606,0.08195070917656792,0.6743911093075142
