max_distance,min_distance,avg_distance,avg_speed,path_straightness
6.094334529578616,0.4550462465195977,2.137114493448481,0.044523218613510024,0.4896448217957399
