max_distance,min_distance,avg_distance,avg_speed,path_straightness
10.246921501477907,1.4999689537380223,4.3923630335862685,0.09150756319971393,0.6609848931433683
