max_distance,min_distance,avg_distance,avg_speed,path_straightness
12.66360158343353,1.145597773990791,3.220611401821447,0.06709607087128015,0.5562515941740717
