max_distance,min_distance,avg_distance,avg_speed,path_straightness
26.80316473111899,1.5042943386345047,3.497473849815614,0.0728640385378253,0.5708332827292979
