max_distance,min_distance,avg_distance,avg_speed,path_straightness
10.180870559395652,1.5031003647800605,3.5944033750481617,0.07488340364683671,0.6061921831217969
