max_distance,min_distance,avg_distance,avg_speed,path_straightness
10.17158902517768,1.499994548913627,4.410279549301514,0.09188082394378153,0.6457683194058567
