max_distance,min_distance,avg_distance,avg_speed,path_straightness
10.246921501477907,1.499954417574942,4.272047746180169,0.08900099471208685,0.6556330163598777
