max_distance,min_distance,avg_distance,avg_speed,path_straightness
9.841441358684351,0.9232296852853779,2.17814133790291,0.045377944539643965,0.496553888103804
