max_distance,min_distance,avg_distance,avg_speed,path_straightness
10.0813469907789,1.1899513110628777,4.403690481066618,0.09174355168888787,0.6769376420242976
