max_distance,min_distance,avg_distance,avg_speed,path_straightness
9.437296047439565,1.0611426168999771,2.4797014534353004,0.05166044694656875,0.5556685680275489
