max_distance,min_distance,avg_distance,avg_speed,path_straightness
9.422917367709234,1.0896993141837967,2.433930574289479,0.05070688696436415,0.5227049012019789
