max_distance,min_distance,avg_distance,avg_speed,path_straightness
7.889768997904194,1.5124673726797517,2.7456189534345223,0.057200394863219206,0.4911531901166137
