max_distance,min_distance,avg_distance,avg_speed,path_straightness
8.51751046046731,1.3781441894020852,2.867972649670519,0.05974943020146915,0.5488691574686221
