max_distance,min_distance,avg_distance,avg_speed,path_straightness
8.113938323922136,1.501659442368345,2.9534786894761784,0.061530806030753726,0.5576954487282645
