max_distance,min_distance,avg_distance,avg_speed,path_straightness
7.656889789534898,1.5076233106303956,2.884203300349111,0.06008756875727316,0.5413840247983172
