max_distance,min_distance,avg_distance,avg_speed,path_straightness
9.300744723428666,1.4177095650379472,2.8797097951627437,0.0599939540658905,0.5203147079246639
