max_distance,min_distance,avg_distance,avg_speed,path_straightness
9.47622630886897,1.4486240357168587,2.7688109180830427,0.057683560793396725,0.46947664071171014
