max_distance,min_distance,avg_distance,avg_speed,path_straightness
9.730634698208496,1.5032883699046518,3.0149640297031506,0.06281175061881564,0.5522259464472873
