max_distance,min_distance,avg_distance,avg_speed,path_straightness
7.626741746723016,1.3517033048974494,2.7203675849197153,0.05667432468582741,0.4477848180359561
