max_distance,min_distance,avg_distance,avg_speed,path_straightness
7.826771437016276,0.9852922757076575,2.7055528121525336,0.056365683586511124,0.49862789078795894
