max_distance,min_distance,avg_distance,avg_speed,path_straightness
7.562542821460158,1.274983687510401,2.7270629308011958,0.056813811058358255,0.49536348957134757
