max_distance,min_distance,avg_distance,avg_speed,path_straightness
20.62974723665566,1.126909160761511,2.2706872750479428,0.04730598489683214,0.5391450732455364
