max_distance,min_distance,avg_distance,avg_speed,path_straightness
8.175642662638714,1.1915192487081958,2.317941947168859,0.04829045723268456,0.5838349413426419
