max_distance,min_distance,avg_distance,avg_speed,path_straightness
7.106808101714935,0.6674255682756431,2.19146265142295,0.045655471904644786,0.5464578568265952
