max_distance,min_distance,avg_distance,avg_speed,path_straightness
8.09447873481251,1.4999411262114766,2.5535742631309177,0.053199463815227464,0.6617557518815772
