max_distance,min_distance,avg_distance,avg_speed,path_straightness
7.426070686940178,1.3775621508594755,2.3245362633807463,0.048427838820432216,0.6025681390198724
