max_distance,min_distance,avg_distance,avg_speed,path_straightness
6.849640606556892,0.4247928702094153,2.297719062083697,0.04786914712674368,0.5760293299661284
