max_distance,min_distance,avg_distance,avg_speed,path_straightness
6.582676987276065,1.0890749129883746,2.3065745684246513,0.04805363684218024,0.5121821197514309
