max_distance,min_distance,avg_distance,avg_speed,path_straightness
6.965900933920888,1.185306753955679,2.281456680868539,0.04753034751809456,0.5827216108775285
