max_distance,min_distance,avg_distance,avg_speed,path_straightness
8.261175230095033,1.4985714940092143,2.426859946096156,0.050559582210336566,0.6520143600153958
