max_distance,min_distance,avg_distance,avg_speed,path_straightness
7.363380993620855,1.1951129558216096,2.1734974672950162,0.045281197235312855,0.5495866668322358
