max_distance,min_distance,avg_distance,avg_speed,path_straightness
12.892577160699433,1.0370423617073319,2.7001843756671065,0.05625384115973137,0.5621467770199478
