max_distance,min_distance,avg_distance,avg_speed,path_straightness
12.180166643091045,0.9590838302800795,2.581843899752928,0.053788414578185985,0.5516333981530303
