max_distance,min_distance,avg_distance,avg_speed,path_straightness
23.934648602718532,1.4133295130376753,3.4441946707479634,0.07175405564058256,0.5650875742600486
