max_distance,min_distance,avg_distance,avg_speed,path_straightness
13.19571007203464,1.1885105983058917,2.94751540089242,0.06140657085192542,0.5497629355796724
