max_distance,min_distance,avg_distance,avg_speed,path_straightness
8.712501520280703,0.7085397590244629,2.246185679058594,0.04679553498038737,0.515153901078575
