max_distance,min_distance,avg_distance,avg_speed,path_straightness
6.485447735270892,0.6574116795678745,2.2470306116473187,0.04681313774265247,0.5257354499936413
