max_distance,min_distance,avg_distance,avg_speed,path_straightness
13.19571007203464,0.8626358235273613,3.2134888980149374,0.0669476853753112,0.5592423149374275
