max_distance,min_distance,avg_distance,avg_speed,path_straightness
9.746113408615376,0.9000394615003224,2.441751881217528,0.0508698308586985,0.5352388314753432
