max_distance,min_distance,avg_distance,avg_speed,path_straightness
9.746113408615376,1.3812745106084758,2.305994314319443,0.04804154821498839,0.5353088825742836
