max_distance,min_distance,avg_distance,avg_speed,path_straightness
9.175845455480179,1.0996592377535959,2.453399213077385,0.051112483605778844,0.5346722167364563
