max_distance,min_distance,avg_distance,avg_speed,path_straightness
40.368062630361166,0.7718837543232169,9.019876428535179,0.18791409226114958,0.7055234267551682
