max_distance,min_distance,avg_distance,avg_speed,path_straightness
51.97482815283654,1.1770640649266222,10.130051894745717,0.21104274780720245,0.7355567957360104
