max_distance,min_distance,avg_distance,avg_speed,path_straightness
47.983248862923276,0.9831591172268199,9.07162724194738,0.1889922342072371,0.7028890806895904
