max_distance,min_distance,avg_distance,avg_speed,path_straightness
47.983248862923276,1.0399225685857116,11.309682896937153,0.23561839368619064,0.7137073404304011
