max_distance,min_distance,avg_distance,avg_speed,path_straightness
4.5561468397116665,0.950463358599211,2.082116117001807,0.04337741910420431,0.46181198548285174
