max_distance,min_distance,avg_distance,avg_speed,path_straightness
40.368062630361166,1.0051668890198269,9.614348469458305,0.20029892644704803,0.7249682958953039
