max_distance,min_distance,avg_distance,avg_speed,path_straightness
51.97482815283654,1.129722856105411,9.379903793751696,0.19541466236982705,0.7261303517932697
