max_distance,min_distance,avg_distance,avg_speed,path_straightness
51.97482815283654,0.9606379244984945,10.469209092716598,0.21810852276492912,0.7144063235577903
