max_distance,min_distance,avg_distance,avg_speed,path_straightness
51.97482815283654,0.9611543488786211,8.865265039757219,0.18469302166160873,0.7252541905070657
