max_distance,min_distance,avg_distance,avg_speed,path_straightness
23.35046495323675,0.5465758604931744,2.3682670988742562,0.04933889789321368,0.47498366354748006
