max_distance,min_distance,avg_distance,avg_speed,path_straightness
6.05312630386809,0.9997736554025973,2.2031268406588382,0.045898475847059125,0.47490601392293175
