max_distance,min_distance,avg_distance,avg_speed,path_straightness
47.983248862923276,0.8523649166951984,9.0811284161419,0.18919017533628957,0.7044614045019805
