max_distance,min_distance,avg_distance,avg_speed,path_straightness
47.983248862923276,1.0962242030502787,10.94808718024628,0.22808514958846415,0.7090288539627295
