max_distance,min_distance,avg_distance,avg_speed,path_straightness
47.983248862923276,1.053478510700033,9.616239389477583,0.2003383206141163,0.7186356638912791
