max_distance,min_distance,avg_distance,avg_speed,path_straightness
47.983248862923276,1.129722856105411,9.722607332371913,0.20255431942441487,0.7291538263971731
