max_distance,min_distance,avg_distance,avg_speed,path_straightness
51.97482815283654,0.7854569221747137,8.934511765548827,0.18613566178226726,0.7029384350982489
