max_distance,min_distance,avg_distance,avg_speed,path_straightness
40.368062630361166,0.9611543488786211,7.0505310453308905,0.14688606344439356,0.6437029881517243
