max_distance,min_distance,avg_distance,avg_speed,path_straightness
47.983248862923276,0.8327833534866527,8.701989918455732,0.18129145663449442,0.7196978369184325
