max_distance,min_distance,avg_distance,avg_speed,path_straightness
5.723433091935542,0.7172397370861155,2.0707535214327457,0.04314069836318221,0.46139452821807325
