max_distance,min_distance,avg_distance,avg_speed,path_straightness
47.983248862923276,0.8523649166951984,9.408693051700231,0.19601443857708817,0.7149926870701195
