max_distance,min_distance,avg_distance,avg_speed,path_straightness
47.983248862923276,1.0340477878277232,7.500481834034487,0.15626003820905182,0.7440292132860782
