max_distance,min_distance,avg_distance,avg_speed,path_straightness
47.983248862923276,0.7518365712369163,8.739239538489455,0.18206749038519696,0.7127615350212589
