max_distance,min_distance,avg_distance,avg_speed,path_straightness
47.983248862923276,1.129722856105411,10.802538150309706,0.22505287813145222,0.736959040796661
