max_distance,min_distance,avg_distance,avg_speed,path_straightness
47.983248862923276,0.8523649166951984,9.965192456903065,0.2076081761854805,0.7287954901727963
