max_distance,min_distance,avg_distance,avg_speed,path_straightness
42.69001621744151,1.0577796512119806,8.134567771416659,0.16947016190451375,0.7026856153055894
