max_distance,min_distance,avg_distance,avg_speed,path_straightness
39.35234540066587,1.3153280385489068,2.9937605181076394,0.06237001079390916,0.5170679786830416
