max_distance,min_distance,avg_distance,avg_speed,path_straightness
51.97482815283654,1.2342388004749936,9.269528048778865,0.19311516768289302,0.7248982344489114
