max_distance,min_distance,avg_distance,avg_speed,path_straightness
6.201043550739985,0.7369804477171525,2.120857343004724,0.044184527979265094,0.4738861075207676
