max_distance,min_distance,avg_distance,avg_speed,path_straightness
51.97482815283654,0.5937694715003092,9.58621650788724,0.19971284391431748,0.7146904438764489
