max_distance,min_distance,avg_distance,avg_speed,path_straightness
51.97482815283654,1.0340477878277232,9.381335679072249,0.1954444933140052,0.7212780228676001
