max_distance,min_distance,avg_distance,avg_speed,path_straightness
47.983248862923276,1.0375512302779377,10.013335766994054,0.20861116181237616,0.6921285059594814
