max_distance,min_distance,avg_distance,avg_speed,path_straightness
40.368062630361166,0.8748815162229822,8.173432024829296,0.17027983385061035,0.6752023401153778
