max_distance,min_distance,avg_distance,avg_speed,path_straightness
47.983248862923276,1.1155859974198932,9.732991110024363,0.20277064812550757,0.7052001290179827
