max_distance,min_distance,avg_distance,avg_speed,path_straightness
47.983248862923276,0.8523649166951984,9.575158647883312,0.1994824718309023,0.7259378431998806
