max_distance,min_distance,avg_distance,avg_speed,path_straightness
47.983248862923276,0.9696908246069753,8.346269099985655,0.1738806062497011,0.7076473466084942
