max_distance,min_distance,avg_distance,avg_speed,path_straightness
47.983248862923276,0.3755701561085516,7.452857238322133,0.15526785913171112,0.7166841780904102
