max_distance,min_distance,avg_distance,avg_speed,path_straightness
51.97482815283654,0.8467828112165238,8.220810512481318,0.17126688567669415,0.7446999505266154
