max_distance,min_distance,avg_distance,avg_speed,path_straightness
13.463521283752364,0.8410459734730252,2.255276808153699,0.046984933503202056,0.4726147148112023
