max_distance,min_distance,avg_distance,avg_speed,path_straightness
47.983248862923276,1.0399225685857116,9.384902122770075,0.19551879422437657,0.7035502102427563
