max_distance,min_distance,avg_distance,avg_speed,path_straightness
51.97482815283654,0.9611543488786211,9.627044726742167,0.20056343180712846,0.7244739547188621
