max_distance,min_distance,avg_distance,avg_speed,path_straightness
47.983248862923276,1.0340477878277232,8.998646573682178,0.1874718036183787,0.697162736692878
