max_distance,min_distance,avg_distance,avg_speed,path_straightness
51.97482815283654,0.9132122495566394,8.911910321865584,0.18566479837219965,0.7253708978231359
