max_distance,min_distance,avg_distance,avg_speed,path_straightness
47.983248862923276,1.1329826627449437,11.675157656112699,0.24323245116901454,0.7428591793035708
