max_distance,min_distance,avg_distance,avg_speed,path_straightness
47.983248862923276,1.0586025298721846,11.609838211343861,0.24187162940299714,0.7413029806475493
