max_distance,min_distance,avg_distance,avg_speed,path_straightness
47.983248862923276,0.8584276834876349,9.27843453009748,0.1933007193770308,0.7346786201942461
