max_distance,min_distance,avg_distance,avg_speed,path_straightness
47.983248862923276,0.6456243372894503,8.91474873940377,0.18572393207091192,0.7144145006976337
