max_distance,min_distance,avg_distance,avg_speed,path_straightness
39.35234540066587,0.2631157083783209,2.4445992204914804,0.05092915042690585,0.48971504624673945
