max_distance,min_distance,avg_distance,avg_speed,path_straightness
47.983248862923276,1.0796911904498119,9.666835769508703,0.20139241186476467,0.71517211069062
