max_distance,min_distance,avg_distance,avg_speed,path_straightness
40.368062630361166,1.3185115989262228,5.108766278739817,0.10643263080707953,0.5812371552358196
