max_distance,min_distance,avg_distance,avg_speed,path_straightness
47.983248862923276,1.1329826627449437,9.25991969615545,0.19291499366990522,0.7166052637369047
