max_distance,min_distance,avg_distance,avg_speed,path_straightness
7.392107244776429,1.1467950765988622,2.4207082033025054,0.05043142090213554,0.5686138342738263
