max_distance,min_distance,avg_distance,avg_speed,path_straightness
6.863812407055837,0.7740583484867862,2.2603040247705333,0.04708966718271945,0.5112239488116618
