max_distance,min_distance,avg_distance,avg_speed,path_straightness
9.002669528852508,1.1921445086299411,2.8613294805756366,0.05961103084532577,0.578139826169375
