max_distance,min_distance,avg_distance,avg_speed,path_straightness
8.18931056594254,1.484388092774983,2.597665478685874,0.05411803080595571,0.5833615871941774
