max_distance,min_distance,avg_distance,avg_speed,path_straightness
7.240716944282388,1.0101344925142426,2.459359519744206,0.051236656661337615,0.5219042255068638
