max_distance,min_distance,avg_distance,avg_speed,path_straightness
9.0236258141013,1.1082623570782195,2.3383156104789773,0.048714908551645356,0.5196677209270827
