max_distance,min_distance,avg_distance,avg_speed,path_straightness
7.829246395020174,1.333376876055078,2.6252023889020024,0.05469171643545838,0.579965564695555
