max_distance,min_distance,avg_distance,avg_speed,path_straightness
8.327959926172314,1.0826529505265285,2.8232689111397598,0.058818102315411666,0.5700068823175003
