max_distance,min_distance,avg_distance,avg_speed,path_straightness
9.48345689949089,1.109340525644584,2.9230416375747947,0.060896700782808226,0.5463475426118559
