max_distance,min_distance,avg_distance,avg_speed,path_straightness
6.8116307181853,0.951619112778571,2.1987819650916616,0.04580795760607628,0.5394093938104195
