max_distance,min_distance,avg_distance,avg_speed,path_straightness
4.149710450984298,0.9833967132471313,2.138348708307495,0.08909786284614564,0.50469493707606
