max_distance,min_distance,avg_distance,avg_speed,path_straightness
5.598898452684583,1.2530285238643963,2.3009930606076754,0.09587471085865314,0.5031101030427907
