max_distance,min_distance,avg_distance,avg_speed,path_straightness
4.195122608523193,1.5848540848371937,2.257656219010553,0.09406900912543971,0.5573209844135472
