max_distance,min_distance,avg_distance,avg_speed,path_straightness
7.553151430959103,1.2201211349517942,2.277966009721768,0.04745762520253684,0.6066049922911897
