max_distance,min_distance,avg_distance,avg_speed,path_straightness
6.472279565499725,1.5149530776517268,2.2984717508664376,0.04788482814305078,0.5836840391849845
