max_distance,min_distance,avg_distance,avg_speed,path_straightness
6.6699207369742854,1.5193440044021462,2.366643266550831,0.0493050680531423,0.5622195989469351
