max_distance,min_distance,avg_distance,avg_speed,path_straightness
5.5064430485911,1.2853426596063775,2.3642391424757174,0.049254982134910766,0.5150901934634223
