max_distance,min_distance,avg_distance,avg_speed,path_straightness
7.126630030782324,1.5228225621436984,2.663979234949503,0.05549956739478131,0.5282693438448353
