max_distance,min_distance,avg_distance,avg_speed,path_straightness
6.926022125701498,1.1922579724623128,2.234255087959042,0.0465469809991467,0.5621966789900312
