max_distance,min_distance,avg_distance,avg_speed,path_straightness
5.260277957301427,1.4999400613462608,2.187289321852222,0.04556852753858797,0.6281361414335898
