max_distance,min_distance,avg_distance,avg_speed,path_straightness
4.229248745815463,1.392323185890929,2.2054996933827735,0.04594791027880778,0.473702213807151
