max_distance,min_distance,avg_distance,avg_speed,path_straightness
6.461293995734464,1.4488578866961888,2.325293768650342,0.04844362018021546,0.6033716935405404
