max_distance,min_distance,avg_distance,avg_speed,path_straightness
6.504883565162608,1.4297362136856988,2.2397477762245472,0.04666141200467808,0.5308379098212499
