max_distance,min_distance,avg_distance,avg_speed,path_straightness
5.424476597998472,1.0666471873768197,2.2407196825254663,0.04668166005261389,0.4956404660699915
