max_distance,min_distance,avg_distance,avg_speed,path_straightness
9.713835503357112,0.8402140736188699,2.568506968446743,0.053510561842640476,0.5207727287000342
