max_distance,min_distance,avg_distance,avg_speed,path_straightness
10.4395078456322,1.0762258235982463,2.7909029554646607,0.05814381157218044,0.5918101260075542
