max_distance,min_distance,avg_distance,avg_speed,path_straightness
11.115242364074266,1.065337330185104,3.3902341251055814,0.07062987760636626,0.6442454427724099
