max_distance,min_distance,avg_distance,avg_speed,path_straightness
10.41688068590922,1.0762258235982463,2.5100179411673658,0.05229204044098679,0.5720676946710366
