max_distance,min_distance,avg_distance,avg_speed,path_straightness
5.697480805090695,0.9279070577950573,2.1780071426820427,0.0453751488058759,0.4760114095953911
