max_distance,min_distance,avg_distance,avg_speed,path_straightness
9.713835503357112,1.3608359908522671,2.6550986403557393,0.05531455500741122,0.48289643319411635
