max_distance,min_distance,avg_distance,avg_speed,path_straightness
11.057769306561795,1.42178755502661,3.8710549047723695,0.08064697718275769,0.6481870957437911
