max_distance,min_distance,avg_distance,avg_speed,path_straightness
10.4395078456322,0.60597822284554,3.0256998403605295,0.06303541334084437,0.6376208405564469
