max_distance,min_distance,avg_distance,avg_speed,path_straightness
11.350023468012038,1.3512136685848468,2.456983126143857,0.05118714846133036,0.517414071806187
