max_distance,min_distance,avg_distance,avg_speed,path_straightness
4.013206325941305,1.3671415238330233,2.408729693374409,0.05018186861196686,0.4284126396870046
