max_distance,min_distance,avg_distance,avg_speed,path_straightness
3.8568033011395926,1.5029248528704588,2.0145652739873325,0.041970109874736095,0.5913915793869369
