max_distance,min_distance,avg_distance,avg_speed,path_straightness
6.263502935147822,1.5000291420824974,2.1388753686280513,0.04455990351308439,0.6243912231912404
