max_distance,min_distance,avg_distance,avg_speed,path_straightness
3.806916287996494,0.7439120647385199,2.1255837533040283,0.0442829948605006,0.6243297544340551
