max_distance,min_distance,avg_distance,avg_speed,path_straightness
6.219394929699855,1.5000292612941732,2.163944465199051,0.045082176358313554,0.5984419335059149
