max_distance,min_distance,avg_distance,avg_speed,path_straightness
4.311176978515882,1.415839272580232,2.1525893603005675,0.044845611672928484,0.5200502968649618
