max_distance,min_distance,avg_distance,avg_speed,path_straightness
4.8019159004556515,1.4999538185509116,2.364454528128478,0.04925946933600996,0.5471930972056407
