max_distance,min_distance,avg_distance,avg_speed,path_straightness
2.9589655614571804,1.4990323936415044,2.0296265171667853,0.042283885774308035,0.5623513164557854
