max_distance,min_distance,avg_distance,avg_speed,path_straightness
4.116855511553886,1.4710798903567983,2.1524356934306543,0.04484241027980529,0.5204220265331717
