max_distance,min_distance,avg_distance,avg_speed,path_straightness
5.270453891303526,1.0201852401129285,2.1859887710008383,0.04554143272918412,0.5242934485862049
