max_distance,min_distance,avg_distance,avg_speed,path_straightness
3.0779781878250723,1.380266480647198,2.117347272526979,0.04411140151097872,0.5334611682088319
