max_distance,min_distance,avg_distance,avg_speed,path_straightness
5.612051064139369,1.5167829490780615,2.298075466498794,0.04787657221872488,0.527441744093268
