max_distance,min_distance,avg_distance,avg_speed,path_straightness
5.9592097530717085,1.5457007366529483,2.596328429536824,0.05409017561535051,0.4612564267994522
