max_distance,min_distance,avg_distance,avg_speed,path_straightness
4.981707028267209,1.5026483939047532,1.9348914712156553,0.04031023898365949,0.5111371290299003
