max_distance,min_distance,avg_distance,avg_speed,path_straightness
8.440257896124907,1.6146990917433388,2.5811737716371947,0.05377445357577489,0.44590968193801656
