max_distance,min_distance,avg_distance,avg_speed,path_straightness
6.079911990103109,1.5917253533546993,2.510365493046963,0.052299281105145055,0.49330591533810847
