max_distance,min_distance,avg_distance,avg_speed,path_straightness
14.815820897520219,1.4796280190128506,2.655908034701405,0.0553314173896126,0.4556759288430802
