max_distance,min_distance,avg_distance,avg_speed,path_straightness
5.50175268775376,1.539072278426402,2.4738732229178266,0.05153902547745472,0.4843722841157881
