max_distance,min_distance,avg_distance,avg_speed,path_straightness
6.872004643531638,0.9623047166994918,2.2163313017251527,0.04617356878594068,0.48833145959430574
