max_distance,min_distance,avg_distance,avg_speed,path_straightness
6.420814073899216,1.5286651607278932,2.5053316819091056,0.05219441003977303,0.5209760407210557
