max_distance,min_distance,avg_distance,avg_speed,path_straightness
3.3947069831144554,1.501397121238489,1.9101326435085173,0.03979443007309411,0.5387801788998996
