max_distance,min_distance,avg_distance,avg_speed,path_straightness
7.778619625522035,1.444317654703793,2.5872060080395296,0.053900125167490195,0.5672150387586227
