max_distance,min_distance,avg_distance,avg_speed,path_straightness
8.06533845414005,1.1509841189561605,2.522775315027294,0.052557819063068625,0.5263271883088947
