max_distance,min_distance,avg_distance,avg_speed,path_straightness
6.485034013071256,0.555046962586645,2.4951588105693934,0.051982475220195695,0.5337268266562842
