max_distance,min_distance,avg_distance,avg_speed,path_straightness
6.109797472036984,1.2411600145925552,2.330647866045033,0.04855516387593819,0.5063205840450968
