max_distance,min_distance,avg_distance,avg_speed,path_straightness
6.240016081465024,1.0868820419784604,2.2858643246121724,0.04762217342942027,0.5235775551665633
