max_distance,min_distance,avg_distance,avg_speed,path_straightness
8.699903858180122,0.9637668107364569,2.2911710755577004,0.047732730740785434,0.5035746354380374
