max_distance,min_distance,avg_distance,avg_speed,path_straightness
6.221912769356375,1.2118979959005731,2.531824211664131,0.05274633774300273,0.558702245872227
