max_distance,min_distance,avg_distance,avg_speed,path_straightness
6.06440725342132,1.3085102726956355,2.6442604569481736,0.0550887595197536,0.5304442372529409
