max_distance,min_distance,avg_distance,avg_speed,path_straightness
8.821966962473287,0.9097060573194669,2.6740275807179184,0.055708907931623294,0.5994859404639737
