max_distance,min_distance,avg_distance,avg_speed,path_straightness
9.12275925058839,1.2333188262031909,2.8945651429122083,0.060303440477337676,0.6021126493229294
