max_distance,min_distance,avg_distance,avg_speed,path_straightness
6.780972223781622,1.0254374783303586,2.365071281749431,0.0985446367395596,0.5279088920483528
