max_distance,min_distance,avg_distance,avg_speed,path_straightness
6.534861690264748,1.1877253035108488,2.51351031202955,0.10472959633456458,0.5463353136913491
