max_distance,min_distance,avg_distance,avg_speed,path_straightness
6.780972223781622,1.0090236177340686,2.349575829783672,0.09789899290765301,0.488265448532031
