max_distance,min_distance,avg_distance,avg_speed,path_straightness
6.430386171482152,1.3496855786813866,2.5356794349689,0.10565330979037083,0.5272079509971977
