max_distance,min_distance,avg_distance,avg_speed,path_straightness
6.150137386005584,1.346733674884332,2.695496973724039,0.05615618695258415,0.44475326034846774
