max_distance,min_distance,avg_distance,avg_speed,path_straightness
8.15246799630046,1.50020555976285,2.5513659200587275,0.053153456667890155,0.5524793612269218
