max_distance,min_distance,avg_distance,avg_speed,path_straightness
8.577890194007647,1.0815142122607277,2.6335759141989628,0.05486616487914506,0.5568358219794487
