max_distance,min_distance,avg_distance,avg_speed,path_straightness
7.430648658205111,1.104478634366562,2.8066161152346165,0.058471169067387835,0.5301143595313924
