max_distance,min_distance,avg_distance,avg_speed,path_straightness
8.412992940379736,1.5840212287169828,2.7988071719845973,0.058308482749679105,0.49150156008926105
