max_distance,min_distance,avg_distance,avg_speed,path_straightness
7.882203311596721,1.527853146185398,2.585930356441738,0.053873549092536215,0.5237677747782457
