max_distance,min_distance,avg_distance,avg_speed,path_straightness
7.294712302951191,0.6880531684448087,2.660541362122409,0.05542794504421686,0.5365214562796101
