max_distance,min_distance,avg_distance,avg_speed,path_straightness
7.523040968943465,1.5644073228679158,2.7941189664436115,0.0582108118009086,0.4953347864393267
