max_distance,min_distance,avg_distance,avg_speed,path_straightness
7.527698936142274,1.5143490579908352,2.684942809309642,0.055936308527284206,0.4781338623376941
