max_distance,min_distance,avg_distance,avg_speed,path_straightness
7.39550073038969,1.1375772437794458,2.5152104349337625,0.05240021739445338,0.5176760520576219
