max_distance,min_distance,avg_distance,avg_speed,path_straightness
45.44680566986813,0.9571340225620214,2.6266025167582336,0.05472088576579653,0.4886494673665901
