max_distance,min_distance,avg_distance,avg_speed,path_straightness
52.6959789940958,0.9163884977630483,3.032529681369421,0.06317770169519628,0.4895264908973209
