max_distance,min_distance,avg_distance,avg_speed,path_straightness
6.38493500643586,0.46346619948711804,2.090791421654483,0.04355815461780173,0.47130191613126826
