max_distance,min_distance,avg_distance,avg_speed,path_straightness
49.04430695348109,0.7341437254685251,2.546937112382322,0.053061189841298366,0.4836327077875393
