max_distance,min_distance,avg_distance,avg_speed,path_straightness
44.67125498501866,0.9922653720277493,2.527026135171168,0.052646377816065994,0.4623643359513799
