max_distance,min_distance,avg_distance,avg_speed,path_straightness
44.567931872247605,0.8317434515069063,2.4586713507605906,0.05122231980751229,0.4783700927527839
