max_distance,min_distance,avg_distance,avg_speed,path_straightness
46.54836826380917,1.0508691121662312,2.881675265089184,0.06003490135602467,0.4929204854687966
