max_distance,min_distance,avg_distance,avg_speed,path_straightness
50.27976584616932,1.0619884883111794,2.476606566820395,0.051595970142091566,0.4794779030718783
