max_distance,min_distance,avg_distance,avg_speed,path_straightness
52.011268250269474,0.7781413789536238,2.7002023506526167,0.05625421563859618,0.4787979852251131
