max_distance,min_distance,avg_distance,avg_speed,path_straightness
42.897336045128014,0.8526719024131606,2.2427809643747474,0.046724603424473904,0.4771467694704339
