max_distance,min_distance,avg_distance,avg_speed,path_straightness
4.466651445792775,1.2007034512645982,2.148490681145835,0.044760222523871566,0.5678162381626235
