max_distance,min_distance,avg_distance,avg_speed,path_straightness
3.6331188432802954,1.2867939024600523,2.012035698093437,0.04191741037694661,0.603047714355555
