max_distance,min_distance,avg_distance,avg_speed,path_straightness
4.07058165755061,0.9094910715057449,2.283064364420441,0.04756384092542586,0.5308768821338116
