max_distance,min_distance,avg_distance,avg_speed,path_straightness
5.058879427735384,1.1296548473300878,2.1092236198331755,0.04394215874652449,0.5567026090240067
