max_distance,min_distance,avg_distance,avg_speed,path_straightness
5.002172820105977,1.1508098890931162,2.3825428435769687,0.04963630924118685,0.5225774870126476
