max_distance,min_distance,avg_distance,avg_speed,path_straightness
3.9775469261158682,1.310112675694005,2.0346532253892464,0.042388608862275974,0.5667784590109203
