max_distance,min_distance,avg_distance,avg_speed,path_straightness
4.501920140460126,1.3029920777282031,2.024609791055136,0.042179370646982,0.6054221767505036
