max_distance,min_distance,avg_distance,avg_speed,path_straightness
6.258042674117006,0.9462341880781461,1.994041056611202,0.04154252201273337,0.576719650641023
