max_distance,min_distance,avg_distance,avg_speed,path_straightness
4.753497208395301,1.1614594848367146,2.1993259880265428,0.04581929141721963,0.5136146294983303
