max_distance,min_distance,avg_distance,avg_speed,path_straightness
4.08724047851451,1.1797555936562998,2.06677015327851,0.04305771152663563,0.5533098377062592
