max_distance,min_distance,avg_distance,avg_speed,path_straightness
9.04857887432818,1.3327518833390153,3.170607566776964,0.06605432430785342,0.5237769614469097
