max_distance,min_distance,avg_distance,avg_speed,path_straightness
7.635128197245523,1.4284935150027556,2.7511903579101755,0.05731646578979531,0.45539823553679637
