max_distance,min_distance,avg_distance,avg_speed,path_straightness
10.399607546279853,1.5402980287649959,3.709293908916809,0.07727695643576685,0.5749745010053617
