max_distance,min_distance,avg_distance,avg_speed,path_straightness
10.408036681665964,1.5271844738863376,3.733046537220345,0.07777180285875718,0.5706259444517255
