max_distance,min_distance,avg_distance,avg_speed,path_straightness
9.42704030886522,1.5465884796653122,3.4396132476096994,0.07165860932520206,0.5553731643633828
