max_distance,min_distance,avg_distance,avg_speed,path_straightness
9.048578874275636,1.5571337287244766,3.014224813404921,0.06279635027926919,0.4905306211989688
