max_distance,min_distance,avg_distance,avg_speed,path_straightness
8.20688644323243,1.5141095040071857,2.9390983464463343,0.06123121555096529,0.48856016877875635
