max_distance,min_distance,avg_distance,avg_speed,path_straightness
9.134012829634923,1.5063226962165026,2.7884299722335557,0.058092291088199084,0.47318725123100064
