max_distance,min_distance,avg_distance,avg_speed,path_straightness
9.115451433987529,1.4064606896524887,2.8154682790681513,0.05865558914725315,0.47711097806245484
