max_distance,min_distance,avg_distance,avg_speed,path_straightness
9.785555458375992,1.486701046644348,3.4683938337988076,0.07225820487080849,0.535468936333955
