max_distance,min_distance,avg_distance,avg_speed,path_straightness
8.959111796198865,1.5506525715588144,3.7657898482345225,0.15690791034310508,0.49376895616553396
