max_distance,min_distance,avg_distance,avg_speed,path_straightness
7.852644527027085,1.7076417766697038,3.077914795381718,0.12824644980757158,0.4355170342060928
