max_distance,min_distance,avg_distance,avg_speed,path_straightness
7.411659871945492,1.779099935148604,3.303892157211775,0.13766217321715732,0.45449358589177896
