max_distance,min_distance,avg_distance,avg_speed,path_straightness
14.497545504260158,1.4832138869545013,2.882740159292283,0.12011417330384516,0.44930800091872186
