max_distance,min_distance,avg_distance,avg_speed,path_straightness
7.074736276922646,1.4494240911316705,3.6888584250237058,0.1537024343759878,0.48950478940527775
