max_distance,min_distance,avg_distance,avg_speed,path_straightness
9.678452645697487,1.6553049617346245,4.3139069139245345,0.17974612141352228,0.5819856981356929
