max_distance,min_distance,avg_distance,avg_speed,path_straightness
6.9636139238366646,0.8725650984996051,3.1549398524860597,0.13145582718691917,0.44905940778080766
