max_distance,min_distance,avg_distance,avg_speed,path_straightness
7.40093753174372,1.2111992529736044,3.40109341480634,0.1417122256169308,0.44683754563562433
