max_distance,min_distance,avg_distance,avg_speed,path_straightness
9.106825473749891,1.3183346238359028,2.9613447369690444,0.12338936404037684,0.4504110085164892
