max_distance,min_distance,avg_distance,avg_speed,path_straightness
8.504585887705426,1.6575321651530668,3.9802506282468926,0.1658437761769538,0.576683434064995
