max_distance,min_distance,avg_distance,avg_speed,path_straightness
4.1011925233014725,1.4379376006076547,2.2852735463801532,0.09521973109917306,0.5117500670851096
