max_distance,min_distance,avg_distance,avg_speed,path_straightness
3.975550328247645,1.4994103326759478,2.157816249507058,0.0899090103961274,0.5689140173174685
