max_distance,min_distance,avg_distance,avg_speed,path_straightness
3.105417331070517,1.6209300785417173,2.159712730271442,0.08998803042797673,0.573677073777058
