max_distance,min_distance,avg_distance,avg_speed,path_straightness
4.195122608523193,1.5039956169336446,2.2774893955369246,0.0948953914807052,0.6210678816346632
