max_distance,min_distance,avg_distance,avg_speed,path_straightness
3.7795903179420383,1.4379376006076547,2.197328906143323,0.09155537108930513,0.4919092592928227
