max_distance,min_distance,avg_distance,avg_speed,path_straightness
13.498921224460462,0.9645960255146487,2.40269407039227,0.10011225293301125,0.5221504869590712
