max_distance,min_distance,avg_distance,avg_speed,path_straightness
3.4218555529714183,1.4824295804739847,2.241570562003882,0.09339877341682841,0.4862579094443778
