max_distance,min_distance,avg_distance,avg_speed,path_straightness
6.762352759796977,0.857834971639065,2.1026862082486923,0.043805962671847755,0.5908582174548351
