max_distance,min_distance,avg_distance,avg_speed,path_straightness
6.013120539657087,1.1585614305313374,2.078350859140131,0.043298976232086055,0.6382640369932443
