max_distance,min_distance,avg_distance,avg_speed,path_straightness
7.092394855010399,1.4495664489406916,2.212221870440303,0.04608795563417298,0.5648703889384499
