max_distance,min_distance,avg_distance,avg_speed,path_straightness
6.116376887853425,1.1387414591335125,2.1224077277335924,0.04421682766111651,0.6148672263848127
