max_distance,min_distance,avg_distance,avg_speed,path_straightness
6.67343964329591,0.5928096208166215,2.091823463655691,0.04357965549282689,0.609610956525656
