max_distance,min_distance,avg_distance,avg_speed,path_straightness
6.656727954953528,0.9937624632025029,2.193393306699335,0.045695693889569476,0.5601202769085919
