max_distance,min_distance,avg_distance,avg_speed,path_straightness
18.63723150364555,1.0793026123350047,2.304478321032141,0.04800996502150294,0.5109799109543173
