max_distance,min_distance,avg_distance,avg_speed,path_straightness
38.09857792300696,1.0210841182146049,2.2554427807699864,0.046988391266041374,0.5241953264410557
