max_distance,min_distance,avg_distance,avg_speed,path_straightness
6.399657011447785,1.1373837815713772,2.204254419248415,0.04592196706767531,0.5206832847514499
