max_distance,min_distance,avg_distance,avg_speed,path_straightness
7.41061189293534,1.1464185610323165,2.2928747098779576,0.04776822312245745,0.5807710771108429
