max_distance,min_distance,avg_distance,avg_speed,path_straightness
60.10190830102745,1.2386211799750235,7.764439487883242,0.3235183119951352,0.4196942846786962
