max_distance,min_distance,avg_distance,avg_speed,path_straightness
95.63094390678162,1.0422246961025439,10.4167374476207,0.43403072698419587,0.5148100063889803
