max_distance,min_distance,avg_distance,avg_speed,path_straightness
205.1790424467583,0.9864287091400592,23.73194666002369,0.9888311108343203,0.48698023075015123
