max_distance,min_distance,avg_distance,avg_speed,path_straightness
108.23550360584734,0.6572028092233967,11.38588048081963,0.47441168670081807,0.4648597184290175
