max_distance,min_distance,avg_distance,avg_speed,path_straightness
87.70052916375052,1.1625107373995724,14.156762444490102,0.5898651018537543,0.47014144033743044
