max_distance,min_distance,avg_distance,avg_speed,path_straightness
107.31355997478133,0.49967243654497373,10.918440681847628,0.4549350284103179,0.49895443315966787
