max_distance,min_distance,avg_distance,avg_speed,path_straightness
140.47881332566948,0.6770261536207791,23.556957393503147,0.9815398913959646,0.530695849077812
