max_distance,min_distance,avg_distance,avg_speed,path_straightness
123.45415151420067,1.1033101362566904,13.582179604615064,0.5659241501922944,0.5191759449420982
