max_distance,min_distance,avg_distance,avg_speed,path_straightness
81.1768655095925,1.1958027511241383,10.238287489388416,0.4265953120578507,0.529178690249273
