max_distance,min_distance,avg_distance,avg_speed,path_straightness
108.23550360584734,1.071201943487431,10.743925688389275,0.4476635703495531,0.48322446243298467
