max_distance,min_distance,avg_distance,avg_speed,path_straightness
79.05965071722615,1.1870294590253365,10.189393895500922,0.42455807897920506,0.47355084569410943
