max_distance,min_distance,avg_distance,avg_speed,path_straightness
104.9669975682744,1.055103857579517,9.369009868308936,0.39037541117953906,0.5308925401599204
