max_distance,min_distance,avg_distance,avg_speed,path_straightness
87.72458580329521,0.31858346139001265,15.575619233902948,0.6489841347459563,0.4916775778159759
