max_distance,min_distance,avg_distance,avg_speed,path_straightness
70.8168904934261,1.3083015439872445,5.481562842823723,0.2283984517843219,0.5262370495838268
