max_distance,min_distance,avg_distance,avg_speed,path_straightness
68.56612910140376,1.2694209030470054,8.099737323301097,0.33748905513754557,0.48322517586946584
