max_distance,min_distance,avg_distance,avg_speed,path_straightness
95.63094390678162,1.3207747841689506,7.266940045233122,0.30278916855138005,0.49652156234729944
