max_distance,min_distance,avg_distance,avg_speed,path_straightness
76.26502543511991,1.5283438385410237,9.08903506340244,0.37870979430843504,0.4209805913320225
