max_distance,min_distance,avg_distance,avg_speed,path_straightness
79.9842282867397,0.7742542501827985,11.314368739007746,0.47143203079198953,0.5257196481401046
