max_distance,min_distance,avg_distance,avg_speed,path_straightness
205.1790424467583,1.5985383484920164,26.03613354640405,1.0848388977668355,0.5130953761550071
