max_distance,min_distance,avg_distance,avg_speed,path_straightness
129.26664315353725,0.981668546443131,11.45577154661837,0.4773238144424322,0.5006247190995882
