max_distance,min_distance,avg_distance,avg_speed,path_straightness
97.01892771150061,1.504062908439334,13.033911618179665,0.5430796507574861,0.5007496234695396
