max_distance,min_distance,avg_distance,avg_speed,path_straightness
45.30747296698606,0.72410176442412,3.252496546634485,0.13552068944310353,0.5807837772806789
