max_distance,min_distance,avg_distance,avg_speed,path_straightness
76.26502543511991,1.2468855079874994,9.425014540252771,0.3927089391771988,0.451309692123328
