max_distance,min_distance,avg_distance,avg_speed,path_straightness
136.93422654099362,1.2723380420530872,15.581678887082655,0.6492366202951105,0.5131390695880967
