max_distance,min_distance,avg_distance,avg_speed,path_straightness
81.98022842399449,1.0895847337989082,14.508867193746678,0.6045361330727784,0.5157331432415136
