max_distance,min_distance,avg_distance,avg_speed,path_straightness
79.89625011607413,1.0043910753188554,10.619943872863312,0.44249766136930463,0.43101976287051563
