max_distance,min_distance,avg_distance,avg_speed,path_straightness
129.6030845892715,1.0957396889540292,16.15603173445239,0.6731679889355164,0.4874934867636091
