max_distance,min_distance,avg_distance,avg_speed,path_straightness
112.44981923699562,1.1775262186550368,10.885454252370442,0.45356059384876846,0.5184459465618251
