max_distance,min_distance,avg_distance,avg_speed,path_straightness
80.45027956163118,0.8562695901196102,8.829827584523706,0.3679094826884879,0.47513817595433644
