max_distance,min_distance,avg_distance,avg_speed,path_straightness
99.71253289064154,0.7323539916448287,13.06394293397785,0.5443309555824105,0.4983284179335445
