max_distance,min_distance,avg_distance,avg_speed,path_straightness
140.47881332566948,1.0227850662886815,16.50510781774231,0.6877128257392628,0.5141422122902856
