max_distance,min_distance,avg_distance,avg_speed,path_straightness
62.78382078363632,0.9925804511138484,10.280251424390324,0.4283438093495968,0.4287819570725672
