max_distance,min_distance,avg_distance,avg_speed,path_straightness
87.72458580329521,0.8660864429198771,12.975542422209475,0.5406476009253949,0.5103590397187089
