max_distance,min_distance,avg_distance,avg_speed,path_straightness
110.37425932255833,1.1102745708171975,14.199167966413071,0.5916319986005444,0.5172745737950766
