max_distance,min_distance,avg_distance,avg_speed,path_straightness
89.1706155666363,1.147661159005899,11.865639336127854,0.4944016390053273,0.5133213784529934
