max_distance,min_distance,avg_distance,avg_speed,path_straightness
95.6951366727831,1.3601363325599187,13.691074448278801,0.57046143534495,0.5016021744794767
