max_distance,min_distance,avg_distance,avg_speed,path_straightness
51.16872934075999,1.08000184641664,2.2043626146414677,0.0918484422767278,0.5660185098063727
