max_distance,min_distance,avg_distance,avg_speed,path_straightness
136.93422654099362,1.3364068540771108,17.42075097562463,0.7258646239843597,0.5185540936066876
