max_distance,min_distance,avg_distance,avg_speed,path_straightness
85.8648726607848,0.9579104137670477,11.390645877472348,0.47461024489468123,0.47551537687988416
