max_distance,min_distance,avg_distance,avg_speed,path_straightness
95.63094390678162,0.9603696910289886,8.589913220047356,0.3579130508353064,0.5067667872775522
