max_distance,min_distance,avg_distance,avg_speed,path_straightness
104.9669975682744,0.9715118413849407,14.358911818604408,0.5982879924418503,0.5261692413986694
