max_distance,min_distance,avg_distance,avg_speed,path_straightness
172.04263324485146,1.2211881175584836,13.00537548969932,0.5418906454041382,0.5339253335493811
