max_distance,min_distance,avg_distance,avg_speed,path_straightness
205.1790424467583,1.017555806659807,16.92728521552925,0.7053035506470523,0.5104166590898511
