max_distance,min_distance,avg_distance,avg_speed,path_straightness
123.69958028972492,1.2503668782670334,19.191107601310602,0.7996294833879419,0.5065941708585072
