max_distance,min_distance,avg_distance,avg_speed,path_straightness
88.03948792065454,1.0013628811093873,10.287522145165315,0.42864675604855473,0.4655623762157001
