max_distance,min_distance,avg_distance,avg_speed,path_straightness
303.6999858639078,0.9107840126438701,18.142187410401682,0.7559244754334035,0.513233642987543
