max_distance,min_distance,avg_distance,avg_speed,path_straightness
87.70052916375052,1.2282190842457912,14.173523547010467,0.5905634811254362,0.491071355666386
