max_distance,min_distance,avg_distance,avg_speed,path_straightness
133.47806103886654,1.1326973382606484,13.49909834220752,0.5624624309253133,0.5210939500063428
