max_distance,min_distance,avg_distance,avg_speed,path_straightness
303.6999858639078,0.9341128393803791,13.350971535140419,0.5562904806308508,0.469356545554795
