max_distance,min_distance,avg_distance,avg_speed,path_straightness
115.50906907470069,1.0908751400160537,15.334319188545326,0.6389299661893887,0.5383756520544867
