max_distance,min_distance,avg_distance,avg_speed,path_straightness
3.557704223764428,1.1662335043302023,2.121481607072436,0.08839506696135148,0.5636847464758106
