max_distance,min_distance,avg_distance,avg_speed,path_straightness
3.5276811586396786,1.1807401762651504,2.0902947845446334,0.08709561602269306,0.41551535409249757
