max_distance,min_distance,avg_distance,avg_speed,path_straightness
3.1660809904536236,1.5095585536138891,2.201285168505349,0.09172021535438957,0.5694180458834777
