max_distance,min_distance,avg_distance,avg_speed,path_straightness
4.91815972059746,1.4822084733217324,2.098706077468134,0.08744608656117224,0.5939978850606844
