max_distance,min_distance,avg_distance,avg_speed,path_straightness
4.399972902260757,1.3129615013037392,2.021281169571978,0.08422004873216574,0.5638386911540835
