max_distance,min_distance,avg_distance,avg_speed,path_straightness
4.415612784465835,1.503939160027005,2.163462012516401,0.09014425052151669,0.5204902822902119
