max_distance,min_distance,avg_distance,avg_speed,path_straightness
3.163802304083514,1.5060062738881173,2.1506726453499705,0.08961136022291544,0.512043015378637
