max_distance,min_distance,avg_distance,avg_speed,path_straightness
3.1660809904536236,1.5095585536138891,2.218147576287343,0.09242281567863929,0.5787081999880559
