max_distance,min_distance,avg_distance,avg_speed,path_straightness
3.3254791054170125,1.5074901669393594,2.3061810382437384,0.0960908765934891,0.5401406754776115
