max_distance,min_distance,avg_distance,avg_speed,path_straightness
2.763426561768731,1.6069544281651988,2.080102973968677,0.08667095724869486,0.438337065912229
