max_distance,min_distance,avg_distance,avg_speed,path_straightness
4.094609081098875,1.514345446037275,2.206959603435186,0.09195665014313274,0.5186525874269468
