max_distance,min_distance,avg_distance,avg_speed,path_straightness
4.759582182001748,1.0672944584342916,2.093494050919069,0.08722891878829458,0.5824817993382024
