max_distance,min_distance,avg_distance,avg_speed,path_straightness
3.3673494533416677,1.499938212002529,2.1838470782494075,0.09099362826039198,0.6627517838561119
