max_distance,min_distance,avg_distance,avg_speed,path_straightness
3.1660809904536236,1.457310731031663,2.0846937606184746,0.08686224002576978,0.5399232314364527
