max_distance,min_distance,avg_distance,avg_speed,path_straightness
3.0015971308028147,1.6142794535804,2.226809066858432,0.09278371111910134,0.5428754477184401
