max_distance,min_distance,avg_distance,avg_speed,path_straightness
3.3673494533416677,1.4479583707320107,2.105501725291052,0.08772923855379383,0.6320457929387951
