max_distance,min_distance,avg_distance,avg_speed,path_straightness
3.3657281412751026,1.417432689487939,2.0434923953679007,0.08514551647366254,0.5658009612699959
