max_distance,min_distance,avg_distance,avg_speed,path_straightness
3.4878481450941754,1.389021861589689,2.1730894495152135,0.09054539372980056,0.5363342250820512
