max_distance,min_distance,avg_distance,avg_speed,path_straightness
3.5276811586396786,1.478710225499088,2.1303131954712544,0.08876304981130229,0.4154634088577708
