max_distance,min_distance,avg_distance,avg_speed,path_straightness
3.5276811586396786,1.2480752029565365,2.132383027877718,0.08884929282823822,0.4440668563287602
