max_distance,min_distance,avg_distance,avg_speed,path_straightness
3.5276811586396786,1.4832507402708424,2.145047984083167,0.0893769993367986,0.4446838088279849
