max_distance,min_distance,avg_distance,avg_speed,path_straightness
4.278662144502437,1.3581559618738952,2.2566650447428485,0.09402771019761869,0.36128026976281014
