max_distance,min_distance,avg_distance,avg_speed,path_straightness
4.711855516464728,1.0902073672576007,2.0868317978887303,0.0869513249120304,0.42311703626514346
