max_distance,min_distance,avg_distance,avg_speed,path_straightness
3.4221837116810905,1.4942497731723907,2.077163678896893,0.08654848662070388,0.570582159182295
