max_distance,min_distance,avg_distance,avg_speed,path_straightness
4.094609081098875,1.5003592629468094,2.174457188222412,0.09060238284260053,0.5632455178444701
