max_distance,min_distance,avg_distance,avg_speed,path_straightness
3.9223756205970357,1.363888026090647,1.9801904532896284,0.08250793555373453,0.6006837750822052
