max_distance,min_distance,avg_distance,avg_speed,path_straightness
3.2906817575235223,1.502332637034038,2.1573369460265583,0.08988903941777326,0.5583969107519712
