max_distance,min_distance,avg_distance,avg_speed,path_straightness
3.8597417035682358,1.2721152466603556,2.2059091270119073,0.0919128802921628,0.3813370070638901
