max_distance,min_distance,avg_distance,avg_speed,path_straightness
3.2985062729972867,1.4221249312693176,2.077878279733973,0.08657826165558219,0.3972442136565896
