max_distance,min_distance,avg_distance,avg_speed,path_straightness
4.278662144502437,1.4376344173378894,2.233415637211941,0.09305898488383084,0.39566040165611677
