max_distance,min_distance,avg_distance,avg_speed,path_straightness
4.574582154080549,0.9154991976267267,2.098118047251289,0.08742158530213706,0.44883644419376956
