max_distance,min_distance,avg_distance,avg_speed,path_straightness
3.245857031551102,1.5147316866103726,2.224158149834788,0.09267325624311618,0.5426669776207378
