max_distance,min_distance,avg_distance,avg_speed,path_straightness
3.024600503417054,1.389414209836254,2.065060125904493,0.08604417191268723,0.6125221758544247
