max_distance,min_distance,avg_distance,avg_speed,path_straightness
2.7419365064972503,1.6052913406725149,2.113574689069407,0.08806561204455862,0.5613046935759126
