max_distance,min_distance,avg_distance,avg_speed,path_straightness
3.8401871911022734,1.3030340364713981,2.1936938925384375,0.09140391218910157,0.5682415022720384
