max_distance,min_distance,avg_distance,avg_speed,path_straightness
2.593243651542652,1.2803735750359468,2.0468151471593616,0.08528396446497341,0.5941161646489952
