max_distance,min_distance,avg_distance,avg_speed,path_straightness
3.5276811586396786,1.535445374947178,2.174926484787052,0.09062193686612717,0.4542757464353052
