max_distance,min_distance,avg_distance,avg_speed,path_straightness
2.5291223821383677,1.3158472754716246,1.9961564182854477,0.083173184095227,0.651613521609789
