max_distance,min_distance,avg_distance,avg_speed,path_straightness
4.759582182001748,1.449456503898116,2.094070921944556,0.08725295508102318,0.6250844782634499
