max_distance,min_distance,avg_distance,avg_speed,path_straightness
2.547470975576001,1.3711093644303842,2.0610599175902085,0.08587749656625868,0.6466792655226837
