max_distance,min_distance,avg_distance,avg_speed,path_straightness
3.1033531597929103,1.656726690467392,2.118986958616243,0.08829112327567676,0.5239536921718226
