max_distance,min_distance,avg_distance,avg_speed,path_straightness
3.4211000416989825,1.2632410176361024,2.204774111615977,0.09186558798399905,0.3616142452846725
