max_distance,min_distance,avg_distance,avg_speed,path_straightness
4.094609081098875,1.501222618765935,2.14335006406319,0.08930625266929958,0.5482203920659231
