max_distance,min_distance,avg_distance,avg_speed,path_straightness
3.413223137603469,1.478710225499088,2.238738730556984,0.0932807804398743,0.4706623454426848
