max_distance,min_distance,avg_distance,avg_speed,path_straightness
3.2350335465918234,1.5023281499789674,2.104340428284811,0.08768085117853376,0.5971555835869362
