max_distance,min_distance,avg_distance,avg_speed,path_straightness
3.245857031551102,1.5340215199095195,2.200586390799104,0.09169109961662933,0.555417036978671
