max_distance,min_distance,avg_distance,avg_speed,path_straightness
3.6181740529886466,1.3565941356864364,2.0949771861051336,0.08729071608771392,0.42035150652945324
