max_distance,min_distance,avg_distance,avg_speed,path_straightness
3.4792176510258654,1.5005888733571864,2.2831160273995605,0.09512983447498166,0.6213328115063025
