max_distance,min_distance,avg_distance,avg_speed,path_straightness
4.014872213412982,1.5323807326998176,2.264807501775385,0.09436697924064104,0.4010547010774074
