max_distance,min_distance,avg_distance,avg_speed,path_straightness
3.448742046900218,1.5005888733571864,2.164942103783363,0.09020592099097348,0.5754756939285982
