max_distance,min_distance,avg_distance,avg_speed,path_straightness
4.559626233017938,1.501824806750521,1.9793311697747618,0.0412360660369742,0.4800764181419567
