max_distance,min_distance,avg_distance,avg_speed,path_straightness
7.089771225972646,1.1803564136896718,2.376334867045954,0.049506976396790706,0.5171393495788102
