max_distance,min_distance,avg_distance,avg_speed,path_straightness
5.860265647792784,1.5628482483020365,2.5936354359335474,0.0540340715819489,0.5052286358288057
