max_distance,min_distance,avg_distance,avg_speed,path_straightness
6.8848913595070025,1.3522055743961638,2.6920087748126797,0.05608351614193083,0.47862355435648263
