max_distance,min_distance,avg_distance,avg_speed,path_straightness
7.186016702320026,1.3933058059456056,2.5554792186678537,0.05323915038891362,0.47656129177198125
