max_distance,min_distance,avg_distance,avg_speed,path_straightness
5.802040985376489,0.7134232999230748,1.9699834152188889,0.04104132115039351,0.4869649115595513
