max_distance,min_distance,avg_distance,avg_speed,path_straightness
8.684520062484397,1.2033477291573527,2.4741733575865315,0.05154527828305274,0.524086903502725
