max_distance,min_distance,avg_distance,avg_speed,path_straightness
6.611495722853829,1.396077820292441,2.7338432572976132,0.05695506786036694,0.4650280392664236
