max_distance,min_distance,avg_distance,avg_speed,path_straightness
8.410412032608464,1.4887951622332414,2.0929996300234834,0.04360415895882257,0.5078640067923247
