max_distance,min_distance,avg_distance,avg_speed,path_straightness
7.418336587772084,1.3227819071164195,2.43336957774827,0.05069519953642229,0.5167053981766352
