max_distance,min_distance,avg_distance,avg_speed,path_straightness
6.965417322037293,1.6582082984750437,3.1307784893427617,0.1304491037226151,0.5274397193212845
