max_distance,min_distance,avg_distance,avg_speed,path_straightness
6.473460754487489,1.7762874955932464,3.0567316146358263,0.12736381727649276,0.5005852906027601
