max_distance,min_distance,avg_distance,avg_speed,path_straightness
4.593562593153772,1.446584298836432,2.56017112828158,0.10667379701173252,0.4717794551298759
