max_distance,min_distance,avg_distance,avg_speed,path_straightness
8.947077907543862,1.704247594134907,3.3711204282676976,0.14046335117782072,0.5417074017985979
