max_distance,min_distance,avg_distance,avg_speed,path_straightness
6.227854385291764,1.6611517071350759,3.0464901220676173,0.126937088419484,0.5533374198601756
