max_distance,min_distance,avg_distance,avg_speed,path_straightness
8.659711946709905,1.657774053536896,3.7451725535688154,0.15604885639870064,0.5205383412412143
