max_distance,min_distance,avg_distance,avg_speed,path_straightness
6.7231535681390495,1.5327711353457247,3.289196258723566,0.13704984411348192,0.5450302947429634
