max_distance,min_distance,avg_distance,avg_speed,path_straightness
6.72177983307143,1.5246298393292583,3.0073121762707586,0.12530467401128162,0.5656568360901473
