max_distance,min_distance,avg_distance,avg_speed,path_straightness
5.321686111294317,1.7758150351511304,2.9112520198217493,0.1213021674925729,0.5439983641968759
