max_distance,min_distance,avg_distance,avg_speed,path_straightness
6.243172587954832,1.5442960622673643,2.5758479316009653,0.10732699715004018,0.46629859477087154
