max_distance,min_distance,avg_distance,avg_speed,path_straightness
5.79871467679096,1.319856454107911,2.5036411576018627,0.10431838156674428,0.43885865829470333
