max_distance,min_distance,avg_distance,avg_speed,path_straightness
8.659711946709905,1.3025360705676503,3.4953426459868795,0.14563927691612,0.5019499086667631
