max_distance,min_distance,avg_distance,avg_speed,path_straightness
5.73918000828372,1.7765770288720923,3.1078871488729796,0.12949529786970748,0.4940682329722296
