max_distance,min_distance,avg_distance,avg_speed,path_straightness
7.741941854316079,1.7397569294303163,2.9621052348603074,0.12342105145251281,0.5297071400604952
