max_distance,min_distance,avg_distance,avg_speed,path_straightness
8.659711946709905,1.6760417107005463,3.4606028487490845,0.14419178536454522,0.5203026798161942
