max_distance,min_distance,avg_distance,avg_speed,path_straightness
8.006308975693871,1.7224445117914908,3.155714018336342,0.1314880840973476,0.517025334830253
