max_distance,min_distance,avg_distance,avg_speed,path_straightness
7.875618094368175,1.6177310620846772,3.5095742151317584,0.14623225896382328,0.5458166978086908
