max_distance,min_distance,avg_distance,avg_speed,path_straightness
7.871716448555921,1.4237205913283417,2.8366624751679113,0.11819426979866296,0.48107896610116674
