max_distance,min_distance,avg_distance,avg_speed,path_straightness
5.507420536744212,1.613214456357239,3.0430393464950742,0.12679330610396142,0.5267465174043963
