max_distance,min_distance,avg_distance,avg_speed,path_straightness
6.044997855751033,1.6858245265302825,2.8525741608547643,0.11885725670228188,0.4479703369750727
