max_distance,min_distance,avg_distance,avg_speed,path_straightness
4.920056084590798,1.6079558036575108,2.4237943467170022,0.10099143111320844,0.4694578965182724
