max_distance,min_distance,avg_distance,avg_speed,path_straightness
9.070469710782135,1.5320248155880754,3.130540948359199,0.1304392061816333,0.5287606258991222
