max_distance,min_distance,avg_distance,avg_speed,path_straightness
8.659711946709905,1.5935323747015597,3.5426233166772896,0.14760930486155377,0.4950418057357057
