max_distance,min_distance,avg_distance,avg_speed,path_straightness
6.713103001353723,1.407224033316338,2.7270073153547942,0.11362530480644974,0.4511798715037231
