max_distance,min_distance,avg_distance,avg_speed,path_straightness
5.746164165284182,1.5920405127800334,2.6506811614085577,0.11044504839202324,0.4669124831887928
