max_distance,min_distance,avg_distance,avg_speed,path_straightness
5.14895210517093,1.3444577968645692,2.7736070290077874,0.11556695954199112,0.4631063322082268
