max_distance,min_distance,avg_distance,avg_speed,path_straightness
6.854147178361407,1.6208302063329603,3.5459721705457143,0.1477488404394048,0.5421118246733626
