max_distance,min_distance,avg_distance,avg_speed,path_straightness
7.139141408332733,1.3568010191171354,3.0122985335765886,0.12551243889902453,0.49367241792694183
