max_distance,min_distance,avg_distance,avg_speed,path_straightness
5.118389457533632,1.144870585011389,2.525107166422352,0.10521279860093134,0.4585936370263813
