max_distance,min_distance,avg_distance,avg_speed,path_straightness
4.375065168584536,0.0,2.336051625599821,0.09733548439999257,
