max_distance,min_distance,avg_distance,avg_speed,path_straightness
8.542942802070785,1.562826035124114,2.6808234978249437,0.11170097907603935,0.4916717593876256
