max_distance,min_distance,avg_distance,avg_speed,path_straightness
7.734928047759985,1.5187378939708702,2.7689189657108013,0.1153716235712834,0.48843016945874074
