max_distance,min_distance,avg_distance,avg_speed,path_straightness
7.718833856905561,1.2891213898603258,2.645134737780266,0.11021394740751106,0.46305136953685283
