max_distance,min_distance,avg_distance,avg_speed,path_straightness
7.494149653432381,1.4278315879843297,2.694019702084132,0.11225082092017218,0.5202771408755914
