max_distance,min_distance,avg_distance,avg_speed,path_straightness
9.086187107344452,0.8495407975496988,2.4260236653601974,0.10108431939000823,0.515096351929975
