max_distance,min_distance,avg_distance,avg_speed,path_straightness
7.7745674415443355,1.5013787630422504,2.6861595738202415,0.11192331557584341,0.5178423539227631
