max_distance,min_distance,avg_distance,avg_speed,path_straightness
8.140869321664496,0.9695524881606462,2.729216831583593,0.11371736798264974,0.5019946285327287
