max_distance,min_distance,avg_distance,avg_speed,path_straightness
8.757704941121922,1.4098828868241768,2.7802527704218747,0.11584386543424477,0.5161603157255799
