max_distance,min_distance,avg_distance,avg_speed,path_straightness
8.769470554866235,1.4902150784706976,2.8902526903440613,0.12042719543100253,0.5136424425576633
