max_distance,min_distance,avg_distance,avg_speed,path_straightness
8.839226405859398,1.3970174807318214,2.6399880606468136,0.10999950252695058,0.451964059363444
