max_distance,min_distance,avg_distance,avg_speed,path_straightness
5.21480713882531,1.0262346357634702,2.05378141432284,0.04278711279839249,0.5808653509042871
