max_distance,min_distance,avg_distance,avg_speed,path_straightness
5.729019598554567,1.0171734796649285,2.0485367311212896,0.04267784856502688,0.599140835716944
