max_distance,min_distance,avg_distance,avg_speed,path_straightness
6.673706050131122,1.069116230408885,2.0754740003562295,0.04323904167408812,0.5424041470733325
