max_distance,min_distance,avg_distance,avg_speed,path_straightness
7.294501177220699,0.8017712935731373,2.2028738289977565,0.045893204770786594,0.5242367320278327
