max_distance,min_distance,avg_distance,avg_speed,path_straightness
5.566308842018584,0.9486248723874707,2.0264013722840803,0.04221669525591834,0.5800995654206749
