max_distance,min_distance,avg_distance,avg_speed,path_straightness
4.170402771260069,1.1299544620348725,2.052267658865084,0.04275557622635591,0.5557541530846638
