max_distance,min_distance,avg_distance,avg_speed,path_straightness
5.054214334623273,1.0162758411017347,1.9896182300212002,0.04145037979210833,0.6100711489317846
