max_distance,min_distance,avg_distance,avg_speed,path_straightness
4.0257198902152425,0.5822740153211744,2.283091170290945,0.047564399381061356,0.5287462488530186
