max_distance,min_distance,avg_distance,avg_speed,path_straightness
4.078844148549067,1.1375787915468891,2.0992527402395633,0.043734432088324234,0.5388607755837811
