max_distance,min_distance,avg_distance,avg_speed,path_straightness
5.228153271318763,0.736026162975142,1.9845681506215085,0.041345169804614765,0.6094283685511703
