max_distance,min_distance,avg_distance,avg_speed,path_straightness
8.989000370980255,1.5594996793505054,3.042128540038368,0.126755355834932,0.5373759297656181
