max_distance,min_distance,avg_distance,avg_speed,path_straightness
6.975773118672856,1.5824119232480707,2.7749901171215208,0.11562458821339672,0.503147978715862
