max_distance,min_distance,avg_distance,avg_speed,path_straightness
7.672470452842318,1.5070041061471877,2.7356034865527823,0.11398347860636594,0.5672170851892923
