max_distance,min_distance,avg_distance,avg_speed,path_straightness
8.276754602905221,1.507564896864921,2.91984763943164,0.12166031830965167,0.5656132913032558
