max_distance,min_distance,avg_distance,avg_speed,path_straightness
7.821891031447786,1.6389329902027565,3.052041549762553,0.12716839790677306,0.48861806673143315
