max_distance,min_distance,avg_distance,avg_speed,path_straightness
6.788473387445443,1.3127689223901728,2.6455984596100253,0.11023326915041773,0.4546620006681528
