max_distance,min_distance,avg_distance,avg_speed,path_straightness
11.984250456130026,1.5241043701182786,2.9272105737294845,0.12196710723872849,0.5517851354325392
