max_distance,min_distance,avg_distance,avg_speed,path_straightness
11.22301549550344,1.5309344219047394,2.887972796839538,0.12033219986831409,0.5179677036635134
