max_distance,min_distance,avg_distance,avg_speed,path_straightness
6.654731094226863,1.567907999545458,2.8839527596704158,0.12016469831960067,0.476405077567204
