max_distance,min_distance,avg_distance,avg_speed,path_straightness
7.000411414483736,1.515033099092097,2.3755052343634717,0.09897938476514465,0.55725499400477
