max_distance,min_distance,avg_distance,avg_speed,path_straightness
6.55263914032444,1.0116841532374847,2.2245402809996544,0.0463445891874928,0.5118680327890752
