max_distance,min_distance,avg_distance,avg_speed,path_straightness
11.002269468066938,1.1435316331786178,3.054985714973441,0.06364553572861337,0.5772543354537628
