max_distance,min_distance,avg_distance,avg_speed,path_straightness
7.636469859272433,1.188596244986534,2.3032056446445495,0.047983450930094776,0.532258563562068
