max_distance,min_distance,avg_distance,avg_speed,path_straightness
11.002269468066938,1.141621478453408,3.247727149462956,0.06766098228047825,0.5831495797314252
