max_distance,min_distance,avg_distance,avg_speed,path_straightness
11.041406549906727,1.3409800961470886,2.955764262108768,0.061578422127266,0.5502792228054106
