max_distance,min_distance,avg_distance,avg_speed,path_straightness
8.902852403366037,0.7747828362953542,2.3755598266166302,0.049490829721179797,0.5519434198913299
