max_distance,min_distance,avg_distance,avg_speed,path_straightness
11.018546455256972,0.6773975295143584,2.680682545966415,0.05584755304096698,0.550609466949562
