max_distance,min_distance,avg_distance,avg_speed,path_straightness
7.876409196631273,1.043098387472652,2.274047590455349,0.04737599146781978,0.5288688492653033
