max_distance,min_distance,avg_distance,avg_speed,path_straightness
10.922231035310418,0.8095152061054376,2.48539513882166,0.05177906539211791,0.5408968730835727
