max_distance,min_distance,avg_distance,avg_speed,path_straightness
6.629962802669203,0.6800122623436814,2.1333733038867018,0.044445277164306296,0.4733361110882406
