max_distance,min_distance,avg_distance,avg_speed,path_straightness
2.6462344125384814,1.1216496050652833,1.8621682669987731,0.07759034445828222,0.6332876446765027
