max_distance,min_distance,avg_distance,avg_speed,path_straightness
3.834042275138562,1.0839768326224386,1.950649225647293,0.08127705106863722,0.5424252184671388
