max_distance,min_distance,avg_distance,avg_speed,path_straightness
3.663326703104702,1.4527871088851385,2.0066715230897314,0.08361131346207214,0.6049497350696696
