max_distance,min_distance,avg_distance,avg_speed,path_straightness
2.479783166869853,1.14539426487584,1.8411884114559933,0.07671618381066639,0.6306209003645761
