max_distance,min_distance,avg_distance,avg_speed,path_straightness
3.1441253508478493,1.1162716923406475,1.895993776138665,0.07899974067244436,0.5795757199308852
