max_distance,min_distance,avg_distance,avg_speed,path_straightness
3.623610555825053,1.4999382272972348,1.9012796810741706,0.07921998671142377,0.6152247445357439
