max_distance,min_distance,avg_distance,avg_speed,path_straightness
3.4760935583717987,1.2025318619123064,1.8904467976938262,0.0787686165705761,0.6272905536791796
