max_distance,min_distance,avg_distance,avg_speed,path_straightness
3.4167513277044708,1.3290485393822946,2.041820179422593,0.08507584080927472,0.5260853281700666
