max_distance,min_distance,avg_distance,avg_speed,path_straightness
3.4797120359465628,1.3203897087816046,1.840981390799424,0.07670755794997601,0.5703683739870717
