max_distance,min_distance,avg_distance,avg_speed,path_straightness
2.959742966449326,1.4482065651827345,1.9391325283227099,0.08079718868011293,0.5558260124836791
