max_distance,min_distance,avg_distance,avg_speed,path_straightness
5.70825597260229,0.9734486569623495,2.1709826555236207,0.09045761064681752,0.48557156146848657
