max_distance,min_distance,avg_distance,avg_speed,path_straightness
3.697690153555071,0.5759286282336951,2.1319445327230357,0.08883102219679316,0.517179663914115
