max_distance,min_distance,avg_distance,avg_speed,path_straightness
4.250082423547273,1.446604233095183,2.1418525050620567,0.08924385437758571,0.5095525444911158
