max_distance,min_distance,avg_distance,avg_speed,path_straightness
12.053315011712732,1.7955876903027028,4.553307647843613,0.18972115199348388,0.6031877228692533
