max_distance,min_distance,avg_distance,avg_speed,path_straightness
12.963486351930042,1.5819439769795232,3.5200377196920125,0.1466682383205005,0.5228718386672354
