max_distance,min_distance,avg_distance,avg_speed,path_straightness
8.459100842840723,1.7825663241924654,4.236208878869756,0.1765087032862398,0.5784185352021867
