max_distance,min_distance,avg_distance,avg_speed,path_straightness
8.578052407932534,1.0044766874306021,3.826919060040244,0.15945496083501018,0.5820784793141989
