max_distance,min_distance,avg_distance,avg_speed,path_straightness
5.652714184011149,1.35363856426185,2.565345148078145,0.1068893811699227,0.49258370947020547
