max_distance,min_distance,avg_distance,avg_speed,path_straightness
6.485568734618308,1.4362953850291318,2.6260218384659026,0.10941757660274595,0.44897588235088925
