max_distance,min_distance,avg_distance,avg_speed,path_straightness
6.393978509636104,1.568082318262083,2.8542386206950248,0.11892660919562603,0.529902995126954
