max_distance,min_distance,avg_distance,avg_speed,path_straightness
7.945515781467325,1.7768368069815885,4.405358653890404,0.18355661057876682,0.6349721985759939
