max_distance,min_distance,avg_distance,avg_speed,path_straightness
6.458165863930271,1.4439994101169635,2.8882602874488517,0.12034417864370216,0.49183222474725935
