max_distance,min_distance,avg_distance,avg_speed,path_straightness
6.407318191293879,1.3190740069414144,2.771794394235731,0.11549143309315546,0.5074532135435834
