max_distance,min_distance,avg_distance,avg_speed,path_straightness
5.379482695660086,0.815845702638914,2.216812454904023,0.04618359281050046,0.4858641698511279
