max_distance,min_distance,avg_distance,avg_speed,path_straightness
3.2712354042854064,1.51873698080433,2.188144885917957,0.04558635178995743,0.48641131960529244
