max_distance,min_distance,avg_distance,avg_speed,path_straightness
2.848744269009745,1.6971430050205845,2.175351183428863,0.045319816321434656,0.518282538842428
