max_distance,min_distance,avg_distance,avg_speed,path_straightness
3.6929598581781615,1.4362054269419684,2.2122426846800756,0.04608838926416824,0.524928487994776
