max_distance,min_distance,avg_distance,avg_speed,path_straightness
3.2481810231713952,1.5095946618952623,2.2453448377093004,0.046778017452277096,0.5594421577217769
