max_distance,min_distance,avg_distance,avg_speed,path_straightness
5.752293660352014,1.4989376349577024,2.3788859763510244,0.049560124507313015,0.5958804808227103
