max_distance,min_distance,avg_distance,avg_speed,path_straightness
4.031905371614816,1.5380283187213415,2.2503878017271277,0.04688307920264851,0.571786389346516
