max_distance,min_distance,avg_distance,avg_speed,path_straightness
4.391280115299207,1.5467768688826642,2.2436741040498847,0.04674321050103927,0.6229106510520144
