max_distance,min_distance,avg_distance,avg_speed,path_straightness
6.500581966415794,1.4635341904133048,2.368955941723609,0.04935324878590852,0.6568363254351258
