max_distance,min_distance,avg_distance,avg_speed,path_straightness
3.026412747421555,1.508001834870412,2.1499110775037495,0.04478981411466144,0.5954847832820878
