max_distance,min_distance,avg_distance,avg_speed,path_straightness
6.361910104404741,1.3572218780495513,2.856374657300243,0.11901561072084345,0.46267568706975454
