max_distance,min_distance,avg_distance,avg_speed,path_straightness
8.672918635146077,1.5726429517023475,3.3185495855153038,0.13827289939647097,0.4830706310671712
