max_distance,min_distance,avg_distance,avg_speed,path_straightness
8.123133250311598,1.5914811303839973,3.2174552088186665,0.13406063370077773,0.5140986281086035
