max_distance,min_distance,avg_distance,avg_speed,path_straightness
10.776983743619143,1.5607349154773797,5.7714576817850665,0.24047740340771104,0.7025552973581084
