max_distance,min_distance,avg_distance,avg_speed,path_straightness
6.872270861086506,1.6463799105260988,3.148983632791604,0.13120765136631685,0.48412595313553014
