max_distance,min_distance,avg_distance,avg_speed,path_straightness
7.206337844170462,1.3189590167080476,2.936142564857974,0.12233927353574893,0.49135206308856655
