max_distance,min_distance,avg_distance,avg_speed,path_straightness
6.2137212299679,1.642720146299449,2.7963901537768123,0.11651625640736717,0.45968863131803334
