max_distance,min_distance,avg_distance,avg_speed,path_straightness
8.978211741826208,1.287015913885407,3.4356099565928293,0.14315041485803454,0.5530199396981963
