max_distance,min_distance,avg_distance,avg_speed,path_straightness
10.776983743619143,1.5675438573286986,4.996994047958134,0.20820808533158894,0.660660814943552
