max_distance,min_distance,avg_distance,avg_speed,path_straightness
10.220348969018573,1.6054883157552273,4.475825617582036,0.18649273406591818,0.6257626543613801
