max_distance,min_distance,avg_distance,avg_speed,path_straightness
6.018104972976702,1.214464343302571,2.1898170209260166,0.04562118793595868,0.525077079974581
