max_distance,min_distance,avg_distance,avg_speed,path_straightness
7.62011566410462,1.3302946208340007,2.510855412294141,0.05230948775612793,0.5290274936171334
