max_distance,min_distance,avg_distance,avg_speed,path_straightness
8.395995821063197,1.2005401195354064,3.1194520676037065,0.06498858474174388,0.5693974263908215
