max_distance,min_distance,avg_distance,avg_speed,path_straightness
5.980605646307537,1.455063262098843,2.2261287086930905,0.046377681431106065,0.5313106491173525
