max_distance,min_distance,avg_distance,avg_speed,path_straightness
7.62011566410462,1.3946689215448145,2.51460100764271,0.05238752099255647,0.5742754212129008
