max_distance,min_distance,avg_distance,avg_speed,path_straightness
7.563524677632211,1.4133222192007562,2.902293272951559,0.06046444318649082,0.556974569152997
