max_distance,min_distance,avg_distance,avg_speed,path_straightness
7.62011566410462,1.172456906641984,2.4908973892200605,0.05189369560875127,0.5338353782256843
