max_distance,min_distance,avg_distance,avg_speed,path_straightness
7.34011764646355,1.4054397688879008,2.345558764323816,0.04886580759007949,0.4908304059611472
