max_distance,min_distance,avg_distance,avg_speed,path_straightness
7.207695860600424,1.3596422535864325,2.261712668672387,0.04711901393067473,0.5604027102330437
