max_distance,min_distance,avg_distance,avg_speed,path_straightness
6.479747660204835,1.4989782264558777,2.343051963431364,0.04881358257148675,0.5014174980570331
