max_distance,min_distance,avg_distance,avg_speed,path_straightness
8.102748247169435,1.1895450874004736,2.381552737075676,0.04961568202240992,0.5357495354268723
