max_distance,min_distance,avg_distance,avg_speed,path_straightness
8.220348007330605,0.8460187095070218,2.4480030732859,0.05100006402678958,0.5345107301756343
