max_distance,min_distance,avg_distance,avg_speed,path_straightness
9.651834438552086,1.3096407848863008,2.5598115849356584,0.05332940801949289,0.5376422039183326
