max_distance,min_distance,avg_distance,avg_speed,path_straightness
8.155448234080009,1.3078622914231612,2.5093505908235274,0.052278137308823504,0.5376050438178489
