max_distance,min_distance,avg_distance,avg_speed,path_straightness
6.505986062243282,1.020991764403707,2.280012754504397,0.0475002657188416,0.5112343871318971
