max_distance,min_distance,avg_distance,avg_speed,path_straightness
6.415522432581941,1.0692278459920883,2.2327942740478104,0.04651654737599605,0.4765669229339394
