max_distance,min_distance,avg_distance,avg_speed,path_straightness
6.735449156134517,1.1187273080919062,2.276577491556842,0.047428697740767536,0.4892577407753733
