max_distance,min_distance,avg_distance,avg_speed,path_straightness
6.90746414488238,1.0103059087934043,2.382724272200975,0.04964008900418699,0.5352184134270591
