max_distance,min_distance,avg_distance,avg_speed,path_straightness
6.931242185465796,1.3561443430247377,2.5800355490210642,0.0537507406046055,0.5422254714721096
