max_distance,min_distance,avg_distance,avg_speed,path_straightness
9.862229609194975,1.1158385826790838,2.278973399049472,0.04747861248019732,0.4971372670078593
