max_distance,min_distance,avg_distance,avg_speed,path_straightness
8.485433194021832,1.0751884377080074,2.521280784621844,0.05252668301295508,0.47029803511504953
