max_distance,min_distance,avg_distance,avg_speed,path_straightness
6.428680234876878,0.9293955001723516,2.1995863508708156,0.04582471564314199,0.5069902343200189
