max_distance,min_distance,avg_distance,avg_speed,path_straightness
7.2428730888288415,1.236658886064681,2.769320560721077,0.05769417834835577,0.5106282556007596
