max_distance,min_distance,avg_distance,avg_speed,path_straightness
7.11774988390941,1.500368235602223,2.551189177317874,0.05314977452745571,0.5446907640461648
