max_distance,min_distance,avg_distance,avg_speed,path_straightness
11.830697085151588,1.5000216754140303,3.097585308387479,0.06453302725807247,0.5516850414032284
