max_distance,min_distance,avg_distance,avg_speed,path_straightness
11.681685290136956,1.5247730047340087,2.9918667356929434,0.06233055699360297,0.5356010694547012
