max_distance,min_distance,avg_distance,avg_speed,path_straightness
6.9125259742152325,1.3704879611576053,2.4535266467973065,0.05111513847494389,0.45745534523440784
