max_distance,min_distance,avg_distance,avg_speed,path_straightness
6.972732252949722,0.920340456884749,2.3566144966219733,0.04909613534629111,0.4798765119025505
