max_distance,min_distance,avg_distance,avg_speed,path_straightness
7.1293658551410255,1.1864787034215363,2.4725551843815676,0.051511566341282664,0.4562849391839967
