max_distance,min_distance,avg_distance,avg_speed,path_straightness
8.768160799549738,1.389985114475083,2.651334834532152,0.0552361423860865,0.5172578138510803
