max_distance,min_distance,avg_distance,avg_speed,path_straightness
6.668518631112912,1.0048348431049003,2.067588117556254,0.04307475244908863,0.5786410658004713
