max_distance,min_distance,avg_distance,avg_speed,path_straightness
7.033426107258784,1.1344352805484383,2.207578607997115,0.045991220999939894,0.549494675957499
