max_distance,min_distance,avg_distance,avg_speed,path_straightness
8.426251306583254,0.8784240318746915,2.1445756975385866,0.044678660365387216,0.5983096100254107
