max_distance,min_distance,avg_distance,avg_speed,path_straightness
8.876840148677463,1.2514623068554547,2.247675785143677,0.04682657885715993,0.5182347995523612
