max_distance,min_distance,avg_distance,avg_speed,path_straightness
7.83564957609353,1.2521560185522813,2.221986645474128,0.046291388447377665,0.6085699676196183
