max_distance,min_distance,avg_distance,avg_speed,path_straightness
8.481875515477357,0.9560977990895159,2.134433238219847,0.04446735912958015,0.6168054553069042
