max_distance,min_distance,avg_distance,avg_speed,path_straightness
6.901978660897402,1.0029423450117039,2.0415319429916408,0.04253191547899252,0.602625532787966
