max_distance,min_distance,avg_distance,avg_speed,path_straightness
10.799341222857421,0.8299815790212812,2.165527640934981,0.04511515918614544,0.6083030556117245
