max_distance,min_distance,avg_distance,avg_speed,path_straightness
6.576289405662999,1.2574890757178583,2.2366526683663293,0.046596930590965195,0.508274073873709
