max_distance,min_distance,avg_distance,avg_speed,path_straightness
9.148382949500153,1.204475436874727,2.2203294505663362,0.046256863553465345,0.540783828867455
