max_distance,min_distance,avg_distance,avg_speed,path_straightness
46.34171999288547,0.8157580544820805,2.529448389916057,0.05269684145658453,0.48917432028558394
