max_distance,min_distance,avg_distance,avg_speed,path_straightness
127.55004109970338,1.114095728332288,8.641725980438736,0.18003595792580696,0.5401355879569646
