max_distance,min_distance,avg_distance,avg_speed,path_straightness
86.03412391789352,1.2374017075297847,4.2087972738133,0.08768327653777706,0.5213413139348866
