max_distance,min_distance,avg_distance,avg_speed,path_straightness
121.59568342005565,1.3112848272691164,9.351421827702367,0.19482128807713267,0.5270025552037029
