max_distance,min_distance,avg_distance,avg_speed,path_straightness
125.46303780310001,1.1334589711969085,9.820681675144149,0.20459753489883645,0.5390409369334036
