max_distance,min_distance,avg_distance,avg_speed,path_straightness
101.20300347886739,1.2626264292916725,6.2578216720368935,0.13037128483410193,0.5334518718361186
