max_distance,min_distance,avg_distance,avg_speed,path_straightness
127.55004109970338,1.0957846597484238,8.93268644835628,0.18609763434075582,0.5443546598412784
