max_distance,min_distance,avg_distance,avg_speed,path_straightness
76.71910477308494,0.9301143261961846,2.923969242029516,0.06091602587561492,0.4939649939603902
