max_distance,min_distance,avg_distance,avg_speed,path_straightness
121.59568342005565,1.2825320352270455,8.722896497235864,0.18172701035908048,0.5248412489322797
