max_distance,min_distance,avg_distance,avg_speed,path_straightness
37.348535208458784,0.8446057051345642,2.2671121448038116,0.04723150301674608,0.4823901535966798
