max_distance,min_distance,avg_distance,avg_speed,path_straightness
10.718765772694,1.5546198908317796,3.76288858969607,0.1567870245706696,0.5504785717483613
