max_distance,min_distance,avg_distance,avg_speed,path_straightness
10.089757909552615,1.521211621319975,4.3830964454176655,0.18262901855906932,0.5776897569474461
