max_distance,min_distance,avg_distance,avg_speed,path_straightness
6.969667678734412,1.4387757743927867,2.5800393707526763,0.1075016404480282,0.43372716040999165
