max_distance,min_distance,avg_distance,avg_speed,path_straightness
10.004111349111716,1.0515435819014491,3.8214041610608813,0.15922517337753672,0.5475593872683988
