max_distance,min_distance,avg_distance,avg_speed,path_straightness
11.558731753801286,1.652074419468388,5.1035473574529835,0.212647806560541,0.6015774336270305
