max_distance,min_distance,avg_distance,avg_speed,path_straightness
12.283790218764441,1.6240642747233325,5.486520277024372,0.22860501154268217,0.6224645821437398
