max_distance,min_distance,avg_distance,avg_speed,path_straightness
10.3705500280467,1.6872345287088002,3.165018622532252,0.1318757759388438,0.45882855705715136
