max_distance,min_distance,avg_distance,avg_speed,path_straightness
11.527624203662075,1.763903040108093,4.798201454753644,0.19992506061473517,0.574909616527232
