max_distance,min_distance,avg_distance,avg_speed,path_straightness
9.311242883192374,0.967783724485077,3.3501047449917767,0.13958769770799073,0.464419513545956
