max_distance,min_distance,avg_distance,avg_speed,path_straightness
9.49109438149117,1.4887850541085321,2.8498919429764813,0.1187454976240201,0.435419646078947
