max_distance,min_distance,avg_distance,avg_speed,path_straightness
3.600179224190381,1.0532562443277396,1.8896415796468695,0.07873506581861957,0.5519649326910862
