max_distance,min_distance,avg_distance,avg_speed,path_straightness
3.4475050270229786,0.8668124664549961,1.8763557106127746,0.07818148794219895,0.5700356883279405
