max_distance,min_distance,avg_distance,avg_speed,path_straightness
4.216912959692849,1.1001770337733667,1.9842407934010708,0.0826766997250446,0.5754959865944475
