max_distance,min_distance,avg_distance,avg_speed,path_straightness
2.8600004045485723,0.4824922432334833,1.8695435839732264,0.07789764933221775,0.569894942758455
