max_distance,min_distance,avg_distance,avg_speed,path_straightness
2.9838470417809675,1.3385147949196359,2.031959315947237,0.08466497149780153,0.5258263915875722
