max_distance,min_distance,avg_distance,avg_speed,path_straightness
4.00270639077182,1.156485653012847,2.0076613126930916,0.0836525546955455,0.5603156367221989
