max_distance,min_distance,avg_distance,avg_speed,path_straightness
3.508633340025896,0.7774745011407801,1.8721891318052375,0.07800788049188488,0.6124111230680429
