max_distance,min_distance,avg_distance,avg_speed,path_straightness
3.1837954213513115,0.9710785146403829,1.9340825426751522,0.08058677261146469,0.5741682546795762
