max_distance,min_distance,avg_distance,avg_speed,path_straightness
3.1674202562919382,0.4826140257541817,1.836059848657722,0.07650249369407176,0.6087040814385424
