max_distance,min_distance,avg_distance,avg_speed,path_straightness
3.294654267215435,1.2176877263326926,1.942764446561124,0.08094851860671351,0.5356255702950506
