max_distance,min_distance,avg_distance,avg_speed,path_straightness
4.046744411889222,0.8704985444624144,2.0624284342256147,0.08593451809273395,0.5534904453649301
