max_distance,min_distance,avg_distance,avg_speed,path_straightness
5.985781098211932,1.0119883644308767,2.1462591661211143,0.08942746525504645,0.5485002167862196
