max_distance,min_distance,avg_distance,avg_speed,path_straightness
6.193327203943158,0.8080207356286369,2.0679659406526607,0.08616524752719418,0.5626030215794017
