max_distance,min_distance,avg_distance,avg_speed,path_straightness
127.62623945687658,0.2739641857534902,9.561480642952768,0.19919751339484934,0.4878951566627782
