max_distance,min_distance,avg_distance,avg_speed,path_straightness
111.34962828423758,1.4111862376744475,4.5786553588126795,0.09538865330859751,0.5135428174959865
