max_distance,min_distance,avg_distance,avg_speed,path_straightness
148.52218569089146,0.4739951441382795,10.088434951506711,0.2101757281563898,0.5016718800267118
