max_distance,min_distance,avg_distance,avg_speed,path_straightness
42.089573482208685,0.8166931343706005,2.3595024614502296,0.049156301280213116,0.4928095861202644
