max_distance,min_distance,avg_distance,avg_speed,path_straightness
36.26637903073631,0.941427385887955,2.2465697263748696,0.046803535966143124,0.47663617294277627
