max_distance,min_distance,avg_distance,avg_speed,path_straightness
111.34962828423758,0.7463902152532476,7.6520227522093425,0.159417140671028,0.49324464490816183
