max_distance,min_distance,avg_distance,avg_speed,path_straightness
81.45371503807078,0.963912556496861,2.7851444547413773,0.058023842807112015,0.5175449089781956
