max_distance,min_distance,avg_distance,avg_speed,path_straightness
151.96626692884215,0.4703566040419973,11.706963110695577,0.24389506480615794,0.47979153363574106
