max_distance,min_distance,avg_distance,avg_speed,path_straightness
110.47204324153302,0.6770270762548102,11.467047198477582,0.2388968166349496,0.5110990770293359
