max_distance,min_distance,avg_distance,avg_speed,path_straightness
41.957067645363004,1.1199723837602873,2.402144211236635,0.050044671067429894,0.5056100346423076
