max_distance,min_distance,avg_distance,avg_speed,path_straightness
13.993863864722274,1.391684778269672,2.3392342044477394,0.09746809185198912,0.5683577641673775
