max_distance,min_distance,avg_distance,avg_speed,path_straightness
5.114166433432121,1.1955746157292728,2.0359189403300557,0.08482995584708566,0.5683609243323051
