max_distance,min_distance,avg_distance,avg_speed,path_straightness
5.992801728282737,0.9166228862741035,2.1079431977525793,0.08783096657302414,0.5763674838122256
