max_distance,min_distance,avg_distance,avg_speed,path_straightness
13.993863864722274,1.3502681569967117,2.2905625592437135,0.09544010663515476,0.584150624243077
