max_distance,min_distance,avg_distance,avg_speed,path_straightness
4.006813731879664,1.1196311835213182,1.9528667594700855,0.08136944831125355,0.5675824602416718
