max_distance,min_distance,avg_distance,avg_speed,path_straightness
5.671385018366156,1.3976386514500478,2.1524875070321445,0.08968697945967269,0.5917976216515819
