max_distance,min_distance,avg_distance,avg_speed,path_straightness
3.8484703846920794,0.7909747451889655,2.1221820977539436,0.08842425407308097,0.5684537843988315
