max_distance,min_distance,avg_distance,avg_speed,path_straightness
3.602516024444459,1.25480192690331,1.9916608247988663,0.08298586769995275,0.5630786949306731
