max_distance,min_distance,avg_distance,avg_speed,path_straightness
3.602516024444459,1.2694046656177085,1.9755832750735107,0.0823159697947296,0.6131998129086863
