max_distance,min_distance,avg_distance,avg_speed,path_straightness
3.594061427514511,1.4165770166721723,2.171623924301691,0.09048433017923715,0.5816517334554137
