max_distance,min_distance,avg_distance,avg_speed,path_straightness
7.2092572868976506,1.0239289653127095,2.593603290133282,0.10806680375555343,0.4832608770881908
