max_distance,min_distance,avg_distance,avg_speed,path_straightness
10.513479844702777,1.4114299178266771,2.787408692298956,0.11614202884578984,0.4991464309059662
