max_distance,min_distance,avg_distance,avg_speed,path_straightness
6.927449675137275,1.3966184244068476,2.6678413017097515,0.11116005423790631,0.4743603057852954
