max_distance,min_distance,avg_distance,avg_speed,path_straightness
7.633393774773176,1.198147486157863,2.387520547818209,0.0994800228257587,0.5260035936728895
