max_distance,min_distance,avg_distance,avg_speed,path_straightness
9.619181355012431,1.0259765401555476,2.6814548727993817,0.1117272863666409,0.4542973121858854
