max_distance,min_distance,avg_distance,avg_speed,path_straightness
7.268436709781753,1.5002534787843202,2.6624437901562414,0.11093515792317675,0.5076985397326333
