max_distance,min_distance,avg_distance,avg_speed,path_straightness
7.871325460807605,1.2966990364218367,2.672503443504468,0.1113543101460195,0.5337598500965051
