max_distance,min_distance,avg_distance,avg_speed,path_straightness
9.949726794491077,1.2778452078658835,2.6644720338589125,0.1110196680774547,0.49686059814501315
