max_distance,min_distance,avg_distance,avg_speed,path_straightness
7.613748138802561,1.5023567505139228,2.6155914473716595,0.10898297697381915,0.5357774333422355
