max_distance,min_distance,avg_distance,avg_speed,path_straightness
7.33960212841973,0.9167399450630936,2.7480118221938556,0.11450049259141068,0.5125045521991228
