max_distance,min_distance,avg_distance,avg_speed,path_straightness
5.201927924832799,1.5271637024603444,2.2237781308803752,0.09265742212001564,0.5090764146429861
