max_distance,min_distance,avg_distance,avg_speed,path_straightness
3.2963078500248306,1.1755799748482727,2.149139763801665,0.08954749015840271,0.46139570999296226
