max_distance,min_distance,avg_distance,avg_speed,path_straightness
3.2806669112254667,0.9139639903496722,2.0524010115541373,0.08551670881475573,0.5193415274014224
