max_distance,min_distance,avg_distance,avg_speed,path_straightness
4.164896773628954,1.0592245763109283,1.972551410875672,0.08218964211981966,0.6377662991104882
