max_distance,min_distance,avg_distance,avg_speed,path_straightness
4.977054001464916,1.1916597206302688,2.009150232477734,0.08371459301990558,0.647191550805307
