max_distance,min_distance,avg_distance,avg_speed,path_straightness
4.096625765803255,1.2167625756565186,1.804564208847964,0.07519017536866517,0.6718661906630681
