max_distance,min_distance,avg_distance,avg_speed,path_straightness
3.1113256254002177,1.500065342369456,3.0119047442442506,0.1254960310101771,0.6673612382252779
