max_distance,min_distance,avg_distance,avg_speed,path_straightness
4.183948571171151,0.8162824252156534,1.9019146034922232,0.079246441812176,0.6327959846412009
