max_distance,min_distance,avg_distance,avg_speed,path_straightness
3.8560667051711994,1.4026293355567732,2.7361945796865603,0.11400810748694,0.672151329057783
