max_distance,min_distance,avg_distance,avg_speed,path_straightness
4.5483839607370875,1.1719772517921656,1.8920053361024125,0.07883355567093384,0.652029825532852
