max_distance,min_distance,avg_distance,avg_speed,path_straightness
3.7019740540752557,1.4026293355567732,2.7986015123220946,0.11660839634675395,0.675399431948638
