max_distance,min_distance,avg_distance,avg_speed,path_straightness
5.056657221470583,0.8737987870967979,1.8566473916247979,0.07736030798436659,0.6559898656550918
