max_distance,min_distance,avg_distance,avg_speed,path_straightness
3.0544327652928596,3.0454222761529817,3.0454583181095414,0.12689409658789755,0.6690430299314548
