max_distance,min_distance,avg_distance,avg_speed,path_straightness
3.7019740540752557,1.4026293355567732,2.9155400638284887,0.12148083599285368,0.6700654019445569
