max_distance,min_distance,avg_distance,avg_speed,path_straightness
3.0544327652928596,2.6557545495708808,3.0435094542069656,0.12681289392529022,0.6684657815180045
