max_distance,min_distance,avg_distance,avg_speed,path_straightness
3.7264460906578156,0.7304588863427092,1.836062891841663,0.07650262049340265,0.6381423994689398
