max_distance,min_distance,avg_distance,avg_speed,path_straightness
3.934853510662191,1.2952508755757488,1.954204003249266,0.08142516680205274,0.641430706016157
