max_distance,min_distance,avg_distance,avg_speed,path_straightness
3.609361711274551,1.0257182569892287,1.8280850508595472,0.07617021045248114,0.6391452138563039
