max_distance,min_distance,avg_distance,avg_speed,path_straightness
3.1113256254002177,1.500065342369456,2.9667501588812346,0.12361458995338478,0.6699495651384362
