max_distance,min_distance,avg_distance,avg_speed,path_straightness
4.305848552518346,1.3961684438771556,2.200846364042755,0.0917019318351148,0.6358740795578346
