max_distance,min_distance,avg_distance,avg_speed,path_straightness
3.784122534910885,1.1094166566115775,1.8900757652299935,0.07875315688458308,0.6378597137981957
