max_distance,min_distance,avg_distance,avg_speed,path_straightness
3.141111748745249,1.687956227905529,3.0321273900173527,0.12633864125072303,0.6643373968909694
