max_distance,min_distance,avg_distance,avg_speed,path_straightness
5.550292118216661,1.170207795560111,2.1117963876488997,0.08799151615203749,0.6303605770520162
