max_distance,min_distance,avg_distance,avg_speed,path_straightness
3.0544327652928596,2.6557545495708808,3.040214503260896,0.1266756043025373,0.6673965685908483
