max_distance,min_distance,avg_distance,avg_speed,path_straightness
3.0544327652928596,2.6557545495708808,3.0418060198127432,0.12674191749219763,0.6679618935737711
