max_distance,min_distance,avg_distance,avg_speed,path_straightness
3.395961615830383,0.5916474733038829,1.916959934724377,0.0798733306135157,0.5829924197577566
