max_distance,min_distance,avg_distance,avg_speed,path_straightness
4.762536093840284,1.127565801540932,1.9034530129286023,0.07931054220535844,0.6285740807544242
