max_distance,min_distance,avg_distance,avg_speed,path_straightness
4.7537595770542165,0.9493799741047242,1.9493769646569659,0.08122404019404024,0.5612575337526204
