max_distance,min_distance,avg_distance,avg_speed,path_straightness
3.0544327652928596,1.500065342369456,3.0217816690609927,0.125907569544208,0.6674485892775038
