max_distance,min_distance,avg_distance,avg_speed,path_straightness
4.304963275058179,1.4026293355567732,2.56866607035789,0.10702775293157875,0.6800523236974823
