max_distance,min_distance,avg_distance,avg_speed,path_straightness
3.8544681328102945,1.3087611994415875,2.2885627414238705,0.09535678089266128,0.6618639486162843
