max_distance,min_distance,avg_distance,avg_speed,path_straightness
3.0544327652928596,2.6557545495708808,3.0318385148477756,0.12632660478532395,0.6649708567204287
