max_distance,min_distance,avg_distance,avg_speed,path_straightness
3.8544681328102945,1.3566018171160787,2.4354834022213554,0.10147847509255646,0.665169927581129
