max_distance,min_distance,avg_distance,avg_speed,path_straightness
3.0544327652928596,2.6557545495708808,3.031034227913092,0.12629309282971216,0.6637182172939305
