max_distance,min_distance,avg_distance,avg_speed,path_straightness
4.704931412239711,1.2636997359271702,2.177936418656197,0.09074735077734154,0.6664174354451494
