max_distance,min_distance,avg_distance,avg_speed,path_straightness
3.0544327652928596,2.6557545495708808,3.039612917725126,0.12665053823854688,0.6673956641652791
