max_distance,min_distance,avg_distance,avg_speed,path_straightness
3.961185728251428,0.7260368148310455,1.8210835584614333,0.07587848160255972,0.6624150967913267
