max_distance,min_distance,avg_distance,avg_speed,path_straightness
4.7163702701562835,1.1164372474509163,2.2117486425522834,0.09215619343967846,0.6424773649935851
