max_distance,min_distance,avg_distance,avg_speed,path_straightness
3.7019740540752557,1.5004668812856394,2.9694488451146546,0.12372703521311058,0.6673765726149147
