max_distance,min_distance,avg_distance,avg_speed,path_straightness
2.9106276633845174,0.8818942047044197,1.9595904090894047,0.08164960037872518,0.6071231971119285
