max_distance,min_distance,avg_distance,avg_speed,path_straightness
3.3230078393130413,1.2503209245746676,2.1825550291786153,0.09093979288244235,0.6769584640607242
