max_distance,min_distance,avg_distance,avg_speed,path_straightness
3.178185897627968,1.5001944280515058,2.7000036426101577,0.11250015177542323,0.6977771443554325
