max_distance,min_distance,avg_distance,avg_speed,path_straightness
3.158112728072415,1.5000033111132804,2.9372148867744916,0.12238395361560382,0.6747085216632733
