max_distance,min_distance,avg_distance,avg_speed,path_straightness
3.1745122120410745,0.9877769678328676,1.8775642103614723,0.07823184209839468,0.6111613493137183
