max_distance,min_distance,avg_distance,avg_speed,path_straightness
3.9312653426793975,1.3601492547771699,2.196524787103168,0.09152186612929865,0.6654302975604621
