max_distance,min_distance,avg_distance,avg_speed,path_straightness
3.1083135614479707,1.3805497265237925,1.9644338458250314,0.0818514102427096,0.6266649052438455
