max_distance,min_distance,avg_distance,avg_speed,path_straightness
3.5863729075139266,1.4149187724345083,2.520399365766674,0.10501664024027811,0.6905677117109122
