max_distance,min_distance,avg_distance,avg_speed,path_straightness
3.7258072509637383,1.0494934992921843,2.00625680823425,0.08359403367642709,0.6184790086258937
