max_distance,min_distance,avg_distance,avg_speed,path_straightness
4.731540148938329,1.5000033111132804,2.723183085488939,0.11346596189537246,0.6870693862843426
