max_distance,min_distance,avg_distance,avg_speed,path_straightness
3.6652852402920844,1.3574409637066562,1.9478420963021703,0.08116008734592377,0.6239850627605666
