max_distance,min_distance,avg_distance,avg_speed,path_straightness
3.0989696085500595,1.5000033111132804,2.999749661190235,0.12498956921625978,0.6708221596861604
