max_distance,min_distance,avg_distance,avg_speed,path_straightness
4.320548237799609,1.0565947437242815,1.9893637088562162,0.08289015453567568,0.6322849593277674
