max_distance,min_distance,avg_distance,avg_speed,path_straightness
3.158112728072415,3.0454222761529817,3.047676085191371,0.12698650354964042,0.6690508253887552
