max_distance,min_distance,avg_distance,avg_speed,path_straightness
3.886508983730229,1.2450905480629513,2.037114323361594,0.08487976347339972,0.6470803589352413
