max_distance,min_distance,avg_distance,avg_speed,path_straightness
2.7375550656790604,0.8929290947959607,1.7876563677077206,0.07448568198782171,0.6352028380467434
