max_distance,min_distance,avg_distance,avg_speed,path_straightness
3.871568714314923,1.3642427435805724,2.5177573307699253,0.1049065554487469,0.6882821022899123
