max_distance,min_distance,avg_distance,avg_speed,path_straightness
3.0772911065657107,3.0454222761529817,3.0457409644571087,0.12690587351904623,0.6690016010862568
