max_distance,min_distance,avg_distance,avg_speed,path_straightness
3.7819360860507767,1.5000033111132804,2.432653700180644,0.10136057084086017,0.6734494652427762
