max_distance,min_distance,avg_distance,avg_speed,path_straightness
3.6600950975429116,1.189025619618651,1.7920521760849448,0.07466884067020606,0.599935047985623
