max_distance,min_distance,avg_distance,avg_speed,path_straightness
3.390723204360138,1.0081709688790317,1.973847037790165,0.08224362657459022,0.5811245681160454
