max_distance,min_distance,avg_distance,avg_speed,path_straightness
4.460182283012095,0.9308290659653863,1.8835770779791643,0.07848237824913185,0.6375646484447474
