max_distance,min_distance,avg_distance,avg_speed,path_straightness
3.158112728072415,1.5004251934529451,2.9131414062400633,0.12138089192666932,0.6705381749892549
