max_distance,min_distance,avg_distance,avg_speed,path_straightness
3.3999918005348437,1.2033999441599283,1.9738191140045658,0.08224246308352359,0.6581711191615196
