max_distance,min_distance,avg_distance,avg_speed,path_straightness
3.158112728072415,1.5007743736445347,3.0149276734674464,0.12562198639447694,0.6718175182279169
