max_distance,min_distance,avg_distance,avg_speed,path_straightness
3.0454222761529817,3.0454222761529817,3.045422276152982,0.12689259483970758,0.6690442615280554
