max_distance,min_distance,avg_distance,avg_speed,path_straightness
3.4586070310258203,1.130500921091121,1.9870908728709187,0.08279545303628827,0.6044814131702266
