max_distance,min_distance,avg_distance,avg_speed,path_straightness
3.763895963544525,1.180676800823518,1.987561074799518,0.08281504478331325,0.636126891696136
