max_distance,min_distance,avg_distance,avg_speed,path_straightness
2.968272539591907,1.179464990362132,1.8186756614139883,0.07577815255891618,0.6497192859326282
