max_distance,min_distance,avg_distance,avg_speed,path_straightness
3.158112728072415,1.5005837776932094,2.9575115759229322,0.12322964899678884,0.6715575988451746
