max_distance,min_distance,avg_distance,avg_speed,path_straightness
3.158112728072415,1.5005837776932094,2.998913872217416,0.12495474467572563,0.6734433653364904
