max_distance,min_distance,avg_distance,avg_speed,path_straightness
3.8221517194382013,1.061046939515841,1.9573300265333802,0.04077770888611209,0.5113146029845124
