max_distance,min_distance,avg_distance,avg_speed,path_straightness
3.8299350728295223,1.1095476192863518,1.918051677327481,0.03995940994432251,0.575065661952654
