max_distance,min_distance,avg_distance,avg_speed,path_straightness
6.1757145014514645,1.480494351262159,2.1832302070752707,0.045483962647401475,0.5746287391910062
