max_distance,min_distance,avg_distance,avg_speed,path_straightness
5.03445873369578,1.4990495583762022,2.3087432721200316,0.048098818169167334,0.5618986877131278
