max_distance,min_distance,avg_distance,avg_speed,path_straightness
3.968759930389824,1.2550283664464528,2.307371831177493,0.04807024648286444,0.5320230000335487
