max_distance,min_distance,avg_distance,avg_speed,path_straightness
7.357421880212661,1.4572217958272042,2.223151052188468,0.046315646920593076,0.5482404710121503
