max_distance,min_distance,avg_distance,avg_speed,path_straightness
3.978225519881803,1.3888898607729057,2.1112830039232313,0.04398506258173398,0.5528452810142586
