max_distance,min_distance,avg_distance,avg_speed,path_straightness
4.693819010215383,1.2503213832081985,2.24279674505923,0.04672493218873396,0.5465716671136769
