max_distance,min_distance,avg_distance,avg_speed,path_straightness
3.189614680394837,1.1518461080739169,2.0612627521704936,0.042942974003551945,0.5536554097647935
