max_distance,min_distance,avg_distance,avg_speed,path_straightness
3.7436089051874717,1.2688293831298756,2.0777870657127435,0.043287230535682154,0.5540990886936139
