max_distance,min_distance,avg_distance,avg_speed,path_straightness
9.16039299571488,0.8163602784011117,2.4332711723288805,0.05069314942351835,0.5116997231573814
