max_distance,min_distance,avg_distance,avg_speed,path_straightness
6.419952286109839,1.3003802542090424,2.5109523290053914,0.05231150685427899,0.5002280162054628
