max_distance,min_distance,avg_distance,avg_speed,path_straightness
9.057381436597494,1.4988682135597915,2.445532989101132,0.05094860393960693,0.5069814263984582
