max_distance,min_distance,avg_distance,avg_speed,path_straightness
6.931714985113867,1.5031890775028809,2.457865125859946,0.051205523455415534,0.5258356098613172
