max_distance,min_distance,avg_distance,avg_speed,path_straightness
5.647309621301834,1.26542647851652,2.3939542566800687,0.04987404701416811,0.5161632299183708
