max_distance,min_distance,avg_distance,avg_speed,path_straightness
7.5266822112777945,1.5019103942403718,2.8330177805594223,0.05902120376165463,0.5309849129351158
