max_distance,min_distance,avg_distance,avg_speed,path_straightness
7.208183725478608,1.2227123070420078,2.7122064545600106,0.056504301136666865,0.4908929104779948
