max_distance,min_distance,avg_distance,avg_speed,path_straightness
6.02941275861828,0.6613324173012418,2.3027494455575406,0.04797394678244877,0.5129773894922371
