max_distance,min_distance,avg_distance,avg_speed,path_straightness
6.549877678870257,1.3003802542090424,2.4104692529057,0.05021810943553541,0.489223585570867
