max_distance,min_distance,avg_distance,avg_speed,path_straightness
7.048044670949036,0.7915941014232549,2.4582906138856733,0.05121438778928486,0.5175627892629077
