max_distance,min_distance,avg_distance,avg_speed,path_straightness
7.1780606438672745,1.561807738100555,2.5683012160399827,0.10701255066833264,0.43658852200760734
