max_distance,min_distance,avg_distance,avg_speed,path_straightness
8.419673090696557,1.668165591599831,4.301517684072341,0.17922990350301418,0.5718529990195017
