max_distance,min_distance,avg_distance,avg_speed,path_straightness
8.403806413982403,1.0474830985565857,3.9872730635023363,0.1661363776459307,0.595116975624739
