max_distance,min_distance,avg_distance,avg_speed,path_straightness
8.173195007103756,1.4151225060635253,3.7004481291083327,0.1541853387128472,0.5798792227969083
