max_distance,min_distance,avg_distance,avg_speed,path_straightness
8.097880659687934,1.3474120053086216,3.2549843597080588,0.13562434832116912,0.5635233977105344
