max_distance,min_distance,avg_distance,avg_speed,path_straightness
6.192376682252152,0.8229059167416384,2.43839285345804,0.10159970222741833,0.4086509463653105
