max_distance,min_distance,avg_distance,avg_speed,path_straightness
5.819316139628229,1.5118207548807427,2.7617840963169744,0.11507433734654061,0.5042568338188711
