max_distance,min_distance,avg_distance,avg_speed,path_straightness
7.078579610770946,1.0310171742640757,2.630199891608076,0.10959166215033651,0.44150642040816396
