max_distance,min_distance,avg_distance,avg_speed,path_straightness
8.562017191535777,1.5758557532347568,3.3442199983837897,0.13934249993265793,0.519804189669762
