max_distance,min_distance,avg_distance,avg_speed,path_straightness
7.687240485785083,1.5061949902722485,3.415463994994954,0.14231099979145642,0.5669344027096043
