max_distance,min_distance,avg_distance,avg_speed,path_straightness
8.51242269374765,1.3804626849953878,4.004632203392195,0.16685967514134145,0.5790824079236934
