max_distance,min_distance,avg_distance,avg_speed,path_straightness
12.228453631131266,1.5225286489674668,4.163699754367162,0.1734874897652984,0.6085375781296745
