max_distance,min_distance,avg_distance,avg_speed,path_straightness
6.84377206993606,1.1194631134625865,2.852800066893296,0.11886666945388732,0.48963342586514086
