max_distance,min_distance,avg_distance,avg_speed,path_straightness
8.403806413982403,1.115996820772177,3.8934275570062664,0.1622261482085944,0.550275157561258
