max_distance,min_distance,avg_distance,avg_speed,path_straightness
7.1780606438672745,1.317398678682643,2.9429124481631095,0.1226213520067962,0.5008904482376946
