max_distance,min_distance,avg_distance,avg_speed,path_straightness
7.945840235924972,1.5834190033745354,4.070950246633808,0.16962292694307535,0.5520077033005498
