max_distance,min_distance,avg_distance,avg_speed,path_straightness
8.333085115237992,1.5716871684161347,4.034427865884696,0.16810116107852902,0.5410768520561917
