max_distance,min_distance,avg_distance,avg_speed,path_straightness
7.1780606438672745,1.6065865491190439,2.826661139968917,0.1177775474987049,0.5190344144706649
