max_distance,min_distance,avg_distance,avg_speed,path_straightness
7.509825506106678,1.8508985604102401,3.3112931183246257,0.1379705465968594,0.5652607415096729
