max_distance,min_distance,avg_distance,avg_speed,path_straightness
7.945840235924972,1.4375687665441128,3.482190932520287,0.14509128885501194,0.564836593797561
