max_distance,min_distance,avg_distance,avg_speed,path_straightness
8.562017191535777,1.6805974481746984,3.4261320338835093,0.1427555014118129,0.5446952087446445
