max_distance,min_distance,avg_distance,avg_speed,path_straightness
8.20617363299899,1.780988460993407,3.9233869857412653,0.16347445773921937,0.5814543311617908
