max_distance,min_distance,avg_distance,avg_speed,path_straightness
7.687240485785083,1.5243146369600293,3.565024655298298,0.14854269397076242,0.5686880179696999
