max_distance,min_distance,avg_distance,avg_speed,path_straightness
7.687240485785083,1.414358819458854,3.352954689311291,0.13970644538797045,0.5758903150839764
