max_distance,min_distance,avg_distance,avg_speed,path_straightness
8.74287662570758,1.5000271789073027,3.592278361932062,0.14967826508050258,0.5987239076896532
