max_distance,min_distance,avg_distance,avg_speed,path_straightness
8.170265519374905,1.5308194470759664,3.548556079143796,0.14785650329765818,0.5738193871701359
