max_distance,min_distance,avg_distance,avg_speed,path_straightness
8.427209679355439,1.577699534058275,4.4756185187889415,0.1864841049495392,0.5706917397347288
