max_distance,min_distance,avg_distance,avg_speed,path_straightness
8.51242269374765,1.531416006673456,3.977371918375786,0.16572382993232437,0.6231646623953426
