max_distance,min_distance,avg_distance,avg_speed,path_straightness
8.292229367951292,1.5533198239073691,3.7537433402674028,0.15640597251114177,0.6213593763941394
