max_distance,min_distance,avg_distance,avg_speed,path_straightness
12.157829494896948,0.40715051731594637,2.160791984718394,0.04501649968163321,0.5056611222924647
