max_distance,min_distance,avg_distance,avg_speed,path_straightness
5.781003921386367,0.9447014957357638,2.2805578385956498,0.04751162163740937,0.546845100036779
