max_distance,min_distance,avg_distance,avg_speed,path_straightness
6.422820376789878,0.8755306578810828,2.0811040902566154,0.043356335213679494,0.4656879517062164
