max_distance,min_distance,avg_distance,avg_speed,path_straightness
7.0906504983691985,0.520568886244759,2.202069078608318,0.04587643913767328,0.5011339236316626
