max_distance,min_distance,avg_distance,avg_speed,path_straightness
5.779871214202707,0.5982661856385688,2.124840847389083,0.04426751765393923,0.48953719722420175
