max_distance,min_distance,avg_distance,avg_speed,path_straightness
5.717244893281573,1.0668744452235672,2.2019900596917887,0.04587479291024559,0.5328219130934346
