max_distance,min_distance,avg_distance,avg_speed,path_straightness
6.331127796133899,0.8318610829862204,2.140145803958952,0.0445863709158115,0.46905039241398344
