max_distance,min_distance,avg_distance,avg_speed,path_straightness
7.921630218345843,1.1036324620870097,2.297614716406301,0.04786697325846461,0.5442378814407036
