max_distance,min_distance,avg_distance,avg_speed,path_straightness
6.691876565604061,1.368293622741372,2.2273824140397798,0.04640380029249542,0.5349560348773014
