max_distance,min_distance,avg_distance,avg_speed,path_straightness
5.117980473459552,0.3037449283491493,2.1259627124591454,0.044290889842898855,0.5386120247069738
