max_distance,min_distance,avg_distance,avg_speed,path_straightness
7.664825583821551,1.6822550809052357,2.943722384568722,0.12265509935703012,0.5148739833618441
