max_distance,min_distance,avg_distance,avg_speed,path_straightness
8.723114200014463,1.6870671712979675,2.709800266568814,0.11290834444036722,0.4853020839745897
