max_distance,min_distance,avg_distance,avg_speed,path_straightness
5.6118057697712525,1.6571054273449148,2.606400828747974,0.1086000345311656,0.5081527966156547
