max_distance,min_distance,avg_distance,avg_speed,path_straightness
6.41232579457067,1.6467889012639858,2.8058631647050647,0.11691096519604435,0.55496355155684
