max_distance,min_distance,avg_distance,avg_speed,path_straightness
5.65660404241966,1.6114849432669536,2.8567846971800805,0.11903269571583668,0.5104370071936573
