max_distance,min_distance,avg_distance,avg_speed,path_straightness
5.7610361050344325,1.5853418507202977,2.7071476138408728,0.11279781724336971,0.46708510981239854
