max_distance,min_distance,avg_distance,avg_speed,path_straightness
6.237289143065974,1.8047581516111584,3.0238318522659027,0.12599299384441262,0.5206689354928236
