max_distance,min_distance,avg_distance,avg_speed,path_straightness
5.6118057697712525,1.7505935194959867,2.3619996152752076,0.09841665063646697,0.5220837429147133
