max_distance,min_distance,avg_distance,avg_speed,path_straightness
4.676861977904233,1.3740130987699093,2.6170182285645414,0.10904242619018924,0.44835425862145434
