max_distance,min_distance,avg_distance,avg_speed,path_straightness
5.346063104065788,1.6834632819631439,2.68669333476339,0.11194555561514122,0.5228389946989733
