max_distance,min_distance,avg_distance,avg_speed,path_straightness
6.1878871522626975,1.5044308922437033,2.0261830578597233,0.042212147038744235,0.47814069540439824
