max_distance,min_distance,avg_distance,avg_speed,path_straightness
7.478905452919154,1.502987681155039,2.4599448862572344,0.05124885179702572,0.485383850221169
