max_distance,min_distance,avg_distance,avg_speed,path_straightness
5.280192147455376,1.377890932536881,2.483667141087635,0.051743065439325726,0.5036640782691283
