max_distance,min_distance,avg_distance,avg_speed,path_straightness
7.682817722091308,1.511257797815941,2.469417256370061,0.05144619284104293,0.542084176669762
