max_distance,min_distance,avg_distance,avg_speed,path_straightness
5.6193761224626,1.5003241304343595,2.121050701111998,0.044188556273166625,0.5255654163751037
