max_distance,min_distance,avg_distance,avg_speed,path_straightness
6.996372316899935,1.5082855581785768,2.9078492525770265,0.06058019276202138,0.4889556599166348
