max_distance,min_distance,avg_distance,avg_speed,path_straightness
6.530213118191899,1.6047106149224422,2.4232481009353335,0.05048433543615277,0.5097894971909533
