max_distance,min_distance,avg_distance,avg_speed,path_straightness
8.858668834064435,1.4593247979808825,2.7197765949362607,0.05666201239450541,0.4332708574830874
