max_distance,min_distance,avg_distance,avg_speed,path_straightness
7.1341648023245705,1.5065332619430198,2.704973855433311,0.05635362198819399,0.463190929709656
