max_distance,min_distance,avg_distance,avg_speed,path_straightness
6.125451867235941,1.5594156965236459,2.153027142592769,0.044854732137349355,0.518564131471
