max_distance,min_distance,avg_distance,avg_speed,path_straightness
6.162981508695713,0.9518479877121822,2.630136508727706,0.10958902119698774,0.4536136104669468
