max_distance,min_distance,avg_distance,avg_speed,path_straightness
10.259142645243049,1.523257705264189,2.612570941871239,0.10885712257796833,0.5231736423962164
