max_distance,min_distance,avg_distance,avg_speed,path_straightness
5.929857211918054,1.6308355363613718,2.5909028786236563,0.10795428660931902,0.45931836354829036
