max_distance,min_distance,avg_distance,avg_speed,path_straightness
7.3630073614737475,1.3960660817811976,2.7029190833723074,0.11262162847384614,0.5311125986056531
