max_distance,min_distance,avg_distance,avg_speed,path_straightness
6.680774749706323,1.5294652357510121,2.846647469655784,0.11861031123565763,0.5100511325753883
