max_distance,min_distance,avg_distance,avg_speed,path_straightness
7.067709177660358,1.5363854835912019,2.6846734435391277,0.11186139348079699,0.5094098397520616
