max_distance,min_distance,avg_distance,avg_speed,path_straightness
9.793520457445458,1.520592557291093,2.8554844768164576,0.11897851986735239,0.5367603766142227
