max_distance,min_distance,avg_distance,avg_speed,path_straightness
7.522555042008968,1.178140891316014,2.871699916127838,0.11965416317199326,0.5627853028551307
