max_distance,min_distance,avg_distance,avg_speed,path_straightness
7.394738229495543,1.5038741362197938,2.8222414403559726,0.11759339334816554,0.5534006811702031
