max_distance,min_distance,avg_distance,avg_speed,path_straightness
8.052510483183529,1.5392666909043633,2.778669267532781,0.1157778861471992,0.5409014843093154
