max_distance,min_distance,avg_distance,avg_speed,path_straightness
8.756920895948467,1.5295361544464718,3.2037940239201474,0.1334914176633395,0.5263645656851776
