max_distance,min_distance,avg_distance,avg_speed,path_straightness
7.182149824658715,0.0,2.5408274179126136,0.10586780907969223,
