max_distance,min_distance,avg_distance,avg_speed,path_straightness
10.290673549763726,1.650319719215325,5.379370865981456,0.22414045274922734,0.6642426157171264
