max_distance,min_distance,avg_distance,avg_speed,path_straightness
8.72280327966982,1.54499564788157,3.456076364342745,0.14400318184761438,0.5411823354685179
