max_distance,min_distance,avg_distance,avg_speed,path_straightness
4.614014323716433,1.6168599141855455,2.528303560123177,0.10534598167179907,0.4498078502524738
