max_distance,min_distance,avg_distance,avg_speed,path_straightness
9.615234871446884,1.6102589514736172,4.502688065344632,0.187612002722693,0.6105991170992996
