max_distance,min_distance,avg_distance,avg_speed,path_straightness
8.767713806276461,1.506886885046136,4.740070453246259,0.19750293555192752,0.6335073374775805
