max_distance,min_distance,avg_distance,avg_speed,path_straightness
9.991009064924333,1.7184206111677078,5.392900869114572,0.2247042028797738,0.6603085390935398
