max_distance,min_distance,avg_distance,avg_speed,path_straightness
8.34286472660414,1.878193438046504,5.156316646506414,0.21484652693776723,0.679606433022713
