max_distance,min_distance,avg_distance,avg_speed,path_straightness
10.339337508864316,1.8637861264630156,5.456772541895462,0.22736552257897763,0.6508168687334474
