max_distance,min_distance,avg_distance,avg_speed,path_straightness
4.891583810908306,1.0847030074568147,2.4179491034288163,0.10074787930953404,0.44725868005738284
