max_distance,min_distance,avg_distance,avg_speed,path_straightness
4.9734568260390475,1.35024740694018,2.514303124835958,0.10476263020149824,0.4322657756631811
