max_distance,min_distance,avg_distance,avg_speed,path_straightness
8.735786862764941,1.5464962648767158,4.524526922524194,0.18852195510517478,0.642055062532001
