max_distance,min_distance,avg_distance,avg_speed,path_straightness
9.330650600556089,1.878193438046504,4.7085749168969855,0.19619062153737446,0.6505712355593265
