max_distance,min_distance,avg_distance,avg_speed,path_straightness
8.869799225740255,1.7351602157503183,4.718836996838795,0.19661820820161643,0.644154832213874
