max_distance,min_distance,avg_distance,avg_speed,path_straightness
7.390511742063939,1.3065455797840904,2.7253986504738834,0.11355827710307849,0.4670250275322919
