max_distance,min_distance,avg_distance,avg_speed,path_straightness
4.686029189450047,1.5876632461213835,2.36581877541515,0.09857578230896458,0.49292332270799954
