max_distance,min_distance,avg_distance,avg_speed,path_straightness
4.8427600774976,1.5145739142331105,2.61156487168859,0.10881520298702459,0.4316390399843207
