max_distance,min_distance,avg_distance,avg_speed,path_straightness
9.883855857134092,1.511880995070419,5.301299300459826,0.2208874708524928,0.6684892340390161
