max_distance,min_distance,avg_distance,avg_speed,path_straightness
9.883782578208093,1.6674477655875561,5.143596390868363,0.21431651628618173,0.636126326389448
