max_distance,min_distance,avg_distance,avg_speed,path_straightness
7.149008803340973,1.2811343533879689,2.5615298159683224,0.10673040899868011,0.4755862460265995
