max_distance,min_distance,avg_distance,avg_speed,path_straightness
9.162558390238333,2.0189518823983645,4.9321890488367846,0.20550787703486606,0.6336979509400722
