max_distance,min_distance,avg_distance,avg_speed,path_straightness
9.05699412925575,1.2782300208626707,4.669627163373787,0.19456779847390773,0.623043985194295
