max_distance,min_distance,avg_distance,avg_speed,path_straightness
9.724201945717768,1.7038310093835514,5.021232578026537,0.209218024084439,0.6360165201506158
