max_distance,min_distance,avg_distance,avg_speed,path_straightness
9.27233998373156,1.9159037531174445,4.9139551369321985,0.2047481307055083,0.6668740516978205
