max_distance,min_distance,avg_distance,avg_speed,path_straightness
9.162558390238333,1.888540541169887,5.013083819176729,0.2088784924656971,0.6481680784948983
