max_distance,min_distance,avg_distance,avg_speed,path_straightness
8.72280327966982,1.8654785068179711,4.230008398383732,0.1762503499326555,0.6169553424486025
