max_distance,min_distance,avg_distance,avg_speed,path_straightness
9.939536204189807,1.6924582649324857,5.453180207523767,0.22721584198015696,0.645874695090094
