max_distance,min_distance,avg_distance,avg_speed,path_straightness
10.290673549763726,1.8837860909951356,5.16131123074739,0.21505463461447455,0.6572989162990457
