max_distance,min_distance,avg_distance,avg_speed,path_straightness
4.494360663366701,1.1783743166023424,2.402619450449979,0.10010914376874913,0.4433887838697484
