max_distance,min_distance,avg_distance,avg_speed,path_straightness
9.716201192810288,1.186372695917107,2.456611614232934,0.05117940862985279,0.5393665005245599
