max_distance,min_distance,avg_distance,avg_speed,path_straightness
12.112786153658192,1.4989371931083013,3.2902185646232227,0.06854622009631714,0.5631794132074023
