max_distance,min_distance,avg_distance,avg_speed,path_straightness
23.64246081239758,1.431145340867822,3.7891791654703653,0.07894123261396593,0.566160306599206
