max_distance,min_distance,avg_distance,avg_speed,path_straightness
11.047399552548704,1.3735719008605134,2.643312345857755,0.0550690072053699,0.5284578426497613
