max_distance,min_distance,avg_distance,avg_speed,path_straightness
23.64246081239758,1.0685352378364186,4.121818158381564,0.08587121163294927,0.5743008762305977
