max_distance,min_distance,avg_distance,avg_speed,path_straightness
8.465702518314895,1.171406788495734,2.255066819055169,0.04698055873031602,0.4944884201614197
