max_distance,min_distance,avg_distance,avg_speed,path_straightness
12.155727124526878,1.2296920781893752,3.1968358375195702,0.06660074661499103,0.5375391893831869
