max_distance,min_distance,avg_distance,avg_speed,path_straightness
11.047399552548704,1.2296920781893752,2.842552087193988,0.05921983514987474,0.5388685852381502
