max_distance,min_distance,avg_distance,avg_speed,path_straightness
7.794530215778653,1.1073785113956718,2.317919893466395,0.048289997780549904,0.5260940212361163
