max_distance,min_distance,avg_distance,avg_speed,path_straightness
23.77343720511144,1.4397885852132672,4.2802676992239155,0.08917224373383159,0.5842882849313122
