max_distance,min_distance,avg_distance,avg_speed,path_straightness
7.015475103339377,1.438813024156106,2.279634146066488,0.09498475608610364,0.46956691923892124
