max_distance,min_distance,avg_distance,avg_speed,path_straightness
7.1711488864787745,1.7067727968341957,2.415699656332952,0.1006541523472063,0.5078658898599362
