max_distance,min_distance,avg_distance,avg_speed,path_straightness
4.141370024297173,1.2035143399130275,2.234308759445636,0.09309619831023484,0.49739533170259514
