max_distance,min_distance,avg_distance,avg_speed,path_straightness
7.725135442620671,1.5208533710916015,2.4166314492286394,0.10069297705119329,0.5352037513829514
