max_distance,min_distance,avg_distance,avg_speed,path_straightness
7.607397860242556,1.404766280518754,2.4352561624452984,0.10146900676855411,0.48087593639650594
