max_distance,min_distance,avg_distance,avg_speed,path_straightness
8.835375422762832,1.592618978759374,2.8827167899483874,0.12011319958118281,0.46995998635958247
