max_distance,min_distance,avg_distance,avg_speed,path_straightness
7.242884172088753,1.428415060880473,2.6185290540856134,0.10910537725356723,0.5305879619590101
