max_distance,min_distance,avg_distance,avg_speed,path_straightness
10.286480781566922,1.5718023861932233,2.801720020094933,0.11673833417062218,0.4560404717132496
