max_distance,min_distance,avg_distance,avg_speed,path_straightness
9.537554718993002,1.1808328450820336,2.719647798401719,0.11331865826673829,0.443169903608412
