max_distance,min_distance,avg_distance,avg_speed,path_straightness
6.854932615182299,1.4250377118613344,2.732132616654924,0.11383885902728848,0.5102494452180588
