max_distance,min_distance,avg_distance,avg_speed,path_straightness
5.971454841966514,1.5042511423649776,2.3964506460534354,0.09985211025222646,0.5372759667666773
