max_distance,min_distance,avg_distance,avg_speed,path_straightness
7.384201677630201,1.5244078452898546,2.5116618871633034,0.1046525786318043,0.5541431773509728
