max_distance,min_distance,avg_distance,avg_speed,path_straightness
7.339980468143301,1.5073886883195473,2.7478483827828653,0.11449368261595272,0.5591815272655744
