max_distance,min_distance,avg_distance,avg_speed,path_straightness
9.166005552779158,1.4047257797965496,3.284878423614495,0.06843496715863531,0.6343472565819888
