max_distance,min_distance,avg_distance,avg_speed,path_straightness
14.616674963385288,1.2273115506025454,3.568239209090245,0.07433831685604676,0.6082243632633592
