max_distance,min_distance,avg_distance,avg_speed,path_straightness
9.44447853959645,1.4351611981875303,3.4349228742692843,0.07156089321394343,0.6040655056480518
