max_distance,min_distance,avg_distance,avg_speed,path_straightness
8.359511363291618,1.1634401063451105,2.2702084648113825,0.04729600968357048,0.5302870207496687
