max_distance,min_distance,avg_distance,avg_speed,path_straightness
13.428167320139224,1.2368565057078724,3.62130614768313,0.07544387807673186,0.6007266197603104
