max_distance,min_distance,avg_distance,avg_speed,path_straightness
12.315971470252883,1.1737480793720596,3.354339802862498,0.06988207922630205,0.5979038436398023
