max_distance,min_distance,avg_distance,avg_speed,path_straightness
9.166005552779158,1.4047257797965496,3.501212013610448,0.07294191695021768,0.6091056332603505
