max_distance,min_distance,avg_distance,avg_speed,path_straightness
12.315971470252883,1.3538313216557796,3.522017340786298,0.07337536126638121,0.6158394013935778
