max_distance,min_distance,avg_distance,avg_speed,path_straightness
9.44447853959645,1.4363285198796474,3.611194940976875,0.07523322793701824,0.6228380134108479
