max_distance,min_distance,avg_distance,avg_speed,path_straightness
8.359511363291618,0.931678539406458,2.243301163301352,0.046735440902111514,0.5048335698167389
