max_distance,min_distance,avg_distance,avg_speed,path_straightness
8.87730995440553,1.489756101914919,3.29917398148457,0.06873279128092856,0.5941329389336774
