max_distance,min_distance,avg_distance,avg_speed,path_straightness
8.359511363291618,1.2212706580734345,2.2523085360053243,0.046923094500110916,0.533338747452717
