max_distance,min_distance,avg_distance,avg_speed,path_straightness
8.96799871008246,1.4047257797965496,3.553587259917163,0.0740330679149409,0.5975043775039106
