max_distance,min_distance,avg_distance,avg_speed,path_straightness
8.724434433153972,1.463040725924463,3.69953390171554,0.07707362295240709,0.6143912334603802
