max_distance,min_distance,avg_distance,avg_speed,path_straightness
13.415244326667041,1.355239535194184,3.352365861199518,0.06984095544165662,0.6123423080983191
