max_distance,min_distance,avg_distance,avg_speed,path_straightness
10.871735180545029,1.2672482382936447,2.5810237685853554,0.05377132851219491,0.5615682059405624
