max_distance,min_distance,avg_distance,avg_speed,path_straightness
6.159085828084001,0.8344627342452406,2.131074694876945,0.04439738947660301,0.4815066646485841
