max_distance,min_distance,avg_distance,avg_speed,path_straightness
8.643105179658042,1.4999387673493216,3.570950763371109,0.07439480757023142,0.6059951321834811
