max_distance,min_distance,avg_distance,avg_speed,path_straightness
14.616674963385288,1.2368565057078724,3.5855150499808586,0.07469823020793455,0.5968676962501861
