max_distance,min_distance,avg_distance,avg_speed,path_straightness
12.315971470252883,1.3214281415931501,3.2929878822030387,0.0686039142125633,0.6122314615211263
