max_distance,min_distance,avg_distance,avg_speed,path_straightness
8.867505404171107,1.489756101914919,3.366820546828659,0.07014209472559708,0.6022294258760801
