max_distance,min_distance,avg_distance,avg_speed,path_straightness
5.061194957211809,0.662122701857905,2.1128247604159056,0.044017182508664696,0.4767403261140468
