max_distance,min_distance,avg_distance,avg_speed,path_straightness
8.922151145432036,1.2025661137700154,3.33077705474148,0.06939118864044751,0.6274784375191914
