max_distance,min_distance,avg_distance,avg_speed,path_straightness
11.73323849601453,1.494643746071028,3.3387300298444824,0.06955687562176005,0.5897830610060086
