max_distance,min_distance,avg_distance,avg_speed,path_straightness
13.34791932090415,1.2640258994091869,3.222260230455058,0.06713042146781371,0.6262589145258104
