max_distance,min_distance,avg_distance,avg_speed,path_straightness
8.754624710913767,1.4999404356999682,3.4145459304394525,0.07113637355082192,0.6167598028755834
