max_distance,min_distance,avg_distance,avg_speed,path_straightness
7.403665153681874,0.9751205199826587,2.38958775320047,0.04978307819167646,0.550225987129235
