max_distance,min_distance,avg_distance,avg_speed,path_straightness
5.234488265837154,0.721882932698288,2.1111975208404723,0.043983281684176506,0.49031632498001143
