max_distance,min_distance,avg_distance,avg_speed,path_straightness
11.077059211448548,0.7364804497690356,2.937483293220686,0.061197568608764276,0.5487528587757808
