max_distance,min_distance,avg_distance,avg_speed,path_straightness
9.016866689304194,1.4999383495772598,3.2690897802064556,0.0681060370876345,0.5981048391028062
