max_distance,min_distance,avg_distance,avg_speed,path_straightness
10.871735180545029,1.0306041195363016,2.4078595637738442,0.050163740911955086,0.5580018885910698
