max_distance,min_distance,avg_distance,avg_speed,path_straightness
10.598632928491607,1.2454529518921393,2.999326927675321,0.06248597765990251,0.5749472568997361
