max_distance,min_distance,avg_distance,avg_speed,path_straightness
10.617343215734216,1.2672195820805416,3.261426101396988,0.06794637711243724,0.6010057251177469
