max_distance,min_distance,avg_distance,avg_speed,path_straightness
8.88039750218672,1.499939909673842,3.5258545936905468,0.07345530403521972,0.6076987126753127
