max_distance,min_distance,avg_distance,avg_speed,path_straightness
5.112456494530566,0.6866556843779644,2.0601332977890805,0.04291944370393917,0.4717260839858619
