max_distance,min_distance,avg_distance,avg_speed,path_straightness
10.871735180545029,0.966556361432393,2.756050869921314,0.05741772645669403,0.5636175507000752
