max_distance,min_distance,avg_distance,avg_speed,path_straightness
9.031633196133562,1.4989388547165958,3.2641772537451095,0.06800369278635644,0.6080824151903379
