max_distance,min_distance,avg_distance,avg_speed,path_straightness
13.0694162286921,1.3058413393340231,3.12737857866902,0.06515372038893791,0.6059693638033535
