max_distance,min_distance,avg_distance,avg_speed,path_straightness
11.681596990025064,1.5000347250966992,3.2900988822684036,0.06854372671392507,0.5894552586354874
