max_distance,min_distance,avg_distance,avg_speed,path_straightness
12.086034887607015,0.6026149490736342,3.383752027499787,0.07049483390624556,0.5955064221664802
