max_distance,min_distance,avg_distance,avg_speed,path_straightness
9.031633196133562,1.4488486567301355,3.237380656761478,0.06744543034919745,0.608533349485248
