max_distance,min_distance,avg_distance,avg_speed,path_straightness
11.460366715601834,1.3726712978941449,3.4471664367943764,0.07181596743321617,0.6126402336096907
