max_distance,min_distance,avg_distance,avg_speed,path_straightness
6.587517581337106,1.0251196645587934,2.180443105864725,0.04542589803884844,0.49497344742631205
