max_distance,min_distance,avg_distance,avg_speed,path_straightness
8.922151145432036,1.327071898741198,3.187825624103729,0.06641303383549435,0.6302863195860917
