max_distance,min_distance,avg_distance,avg_speed,path_straightness
13.428167320139224,0.9338326439693191,3.4057605242461135,0.07095334425512738,0.6176138864899998
