max_distance,min_distance,avg_distance,avg_speed,path_straightness
8.922151145432036,1.4999413179781225,3.2069849851865864,0.0668121871913872,0.617268749926668
