max_distance,min_distance,avg_distance,avg_speed,path_straightness
8.535983507291474,1.3788612725342124,3.367300941050616,0.0701521029385545,0.6204758737524236
