max_distance,min_distance,avg_distance,avg_speed,path_straightness
13.415244326667041,1.2807951017523171,3.3244448413185808,0.06925926752747044,0.6111000431197386
