max_distance,min_distance,avg_distance,avg_speed,path_straightness
8.88039750218672,1.499941860774213,3.475306318748092,0.07240221497391859,0.5992000134711424
