max_distance,min_distance,avg_distance,avg_speed,path_straightness
8.671743923546941,1.499938202938954,3.486828525522479,0.07264226094838498,0.6047556175575586
