max_distance,min_distance,avg_distance,avg_speed,path_straightness
6.9111459351956555,0.5641352035712129,2.191558379882582,0.0456574662475538,0.4454314995990253
