max_distance,min_distance,avg_distance,avg_speed,path_straightness
8.383383791535538,0.9937649546403732,2.4707385454193913,0.05147371969623731,0.5068963226906811
