max_distance,min_distance,avg_distance,avg_speed,path_straightness
5.830179517776283,0.5460671723928299,2.1991143080218367,0.0458148814171216,0.49850218417763303
