max_distance,min_distance,avg_distance,avg_speed,path_straightness
8.32878081776875,1.0731571927021715,3.0117875320159637,0.06274557358366593,0.5575595985131334
