max_distance,min_distance,avg_distance,avg_speed,path_straightness
8.596046187083873,1.1531481048662435,2.9873332881821626,0.06223611017046174,0.4958706097092297
