max_distance,min_distance,avg_distance,avg_speed,path_straightness
9.432226866574716,1.0847632765104585,2.965375721073589,0.06177866085569977,0.5413667272401393
