max_distance,min_distance,avg_distance,avg_speed,path_straightness
8.591415911581624,1.4999386835639954,3.0156294426194092,0.06282561338790436,0.5700958549643955
