max_distance,min_distance,avg_distance,avg_speed,path_straightness
8.44663857417839,1.4399895448278988,2.733674013723384,0.05695154195257051,0.5277319481114728
