max_distance,min_distance,avg_distance,avg_speed,path_straightness
6.484144832504814,0.6620426504418804,2.2820480211010965,0.04754266710627284,0.48795370067036764
