max_distance,min_distance,avg_distance,avg_speed,path_straightness
8.399909577270355,1.0868417565768678,2.4088578191671854,0.050184537899316366,0.4968213465025746
