max_distance,min_distance,avg_distance,avg_speed,path_straightness
7.805030851575358,1.569822507025,3.0561395623025693,0.06366957421463686,0.5065223399970561
