max_distance,min_distance,avg_distance,avg_speed,path_straightness
7.502720887272464,1.0712344643899583,2.8174273865927035,0.05869640388734797,0.4816256633119472
