max_distance,min_distance,avg_distance,avg_speed,path_straightness
7.685692004358327,1.0980178587452127,2.7272011875552904,0.05681669140740188,0.45846384281142166
