max_distance,min_distance,avg_distance,avg_speed,path_straightness
10.165032020342634,1.318166703387865,4.926221272831421,0.10262960985065461,0.6241277756046476
