max_distance,min_distance,avg_distance,avg_speed,path_straightness
8.357257129465161,1.5367510246500673,3.370758541673594,0.07022413628486653,0.5217227104269816
