max_distance,min_distance,avg_distance,avg_speed,path_straightness
17.1654319960725,1.5799845218195063,3.7322604418718464,0.07775542587233013,0.5498911630350062
