max_distance,min_distance,avg_distance,avg_speed,path_straightness
9.526388755736566,1.5407024478131048,4.2067893317963785,0.08764144441242454,0.5826110850928673
