max_distance,min_distance,avg_distance,avg_speed,path_straightness
10.043994782578554,1.5629570927840275,3.705235592118041,0.07719240816912584,0.5710936658965222
