max_distance,min_distance,avg_distance,avg_speed,path_straightness
10.150011700096034,1.5264225785881755,4.476400782016032,0.093258349625334,0.6086554604171317
