max_distance,min_distance,avg_distance,avg_speed,path_straightness
6.59266622387591,1.540999158565356,2.921265158124288,0.060859690794256,0.46784617336592976
