max_distance,min_distance,avg_distance,avg_speed,path_straightness
6.661832039664895,1.0447195731965155,2.0055696380202552,0.04178270079208865,0.6202788107327747
