max_distance,min_distance,avg_distance,avg_speed,path_straightness
3.9056942934255194,1.1631277861055076,2.0806649776493775,0.04334718703436202,0.5647598357898903
