max_distance,min_distance,avg_distance,avg_speed,path_straightness
5.585896148044688,1.1333384683611596,2.1816637398655443,0.045451327913865504,0.5570606556227823
