max_distance,min_distance,avg_distance,avg_speed,path_straightness
6.598882466445543,0.8177567163648088,2.0705310885798225,0.043136064345412964,0.5878386395421233
