max_distance,min_distance,avg_distance,avg_speed,path_straightness
7.324066328251719,0.16697895752733272,1.9405319973828825,0.04042774994547673,0.5979152052223622
