max_distance,min_distance,avg_distance,avg_speed,path_straightness
4.324903224296132,1.285293656987161,2.249733831417709,0.04686945482120227,0.5446812018088568
