max_distance,min_distance,avg_distance,avg_speed,path_straightness
5.942487412866901,0.9975650958285558,2.1911969326673275,0.045649936097236,0.530834689896238
