max_distance,min_distance,avg_distance,avg_speed,path_straightness
6.448883250648809,0.8489311698864467,2.2050845069604543,0.04593926056167613,0.5324225125480012
