max_distance,min_distance,avg_distance,avg_speed,path_straightness
5.683641656214497,1.0900275061259272,1.9950660897392298,0.04156387686956729,0.5913380422675194
