max_distance,min_distance,avg_distance,avg_speed,path_straightness
6.397687832651104,0.7947325753912698,2.0144706615226564,0.041968138781722016,0.6030189830977918
