max_distance,min_distance,avg_distance,avg_speed,path_straightness
6.1762299584898495,1.8592128260059873,3.3579404576834424,0.1399141857368101,0.5058491177191131
