max_distance,min_distance,avg_distance,avg_speed,path_straightness
6.336743862520081,1.5335998141621296,2.604240571356958,0.10851002380653994,0.4435678656153478
