max_distance,min_distance,avg_distance,avg_speed,path_straightness
8.700443300910266,1.1659143086098038,3.1295149459996026,0.1303964560833168,0.4931254541902663
