max_distance,min_distance,avg_distance,avg_speed,path_straightness
8.086488544151988,1.5185212142469837,2.973889298653577,0.12391205411056573,0.47393458628886864
