max_distance,min_distance,avg_distance,avg_speed,path_straightness
8.700443300910266,1.3190720913983105,2.9666737970946984,0.12361140821227913,0.47930697951370654
