max_distance,min_distance,avg_distance,avg_speed,path_straightness
8.086488544151988,1.1719843141377277,3.2158596231465904,0.13399415096444126,0.45419756007006284
