max_distance,min_distance,avg_distance,avg_speed,path_straightness
6.043842540651639,1.695687493193631,2.913874527843978,0.12141143866016575,0.4452412756319639
