max_distance,min_distance,avg_distance,avg_speed,path_straightness
6.138500779044453,1.726407801864757,2.6227096841825333,0.10927957017427223,0.43956865584221055
