max_distance,min_distance,avg_distance,avg_speed,path_straightness
6.298404267214971,1.7653685756552324,3.310454619556279,0.1379356091481783,0.5103225512539005
