max_distance,min_distance,avg_distance,avg_speed,path_straightness
6.705736293232241,1.687086981129851,3.429521085623792,0.14289671190099132,0.47575634055770716
