max_distance,min_distance,avg_distance,avg_speed,path_straightness
8.009844244331681,1.510425375609511,3.2033618409275455,0.13347341003864774,0.5169525693789309
