max_distance,min_distance,avg_distance,avg_speed,path_straightness
7.373096774674798,1.517094924190058,3.1241863558721406,0.13017443149467256,0.5504144682890982
