max_distance,min_distance,avg_distance,avg_speed,path_straightness
7.756772047283967,1.5209400026928592,2.881242066372948,0.12005175276553949,0.4716479081294373
