max_distance,min_distance,avg_distance,avg_speed,path_straightness
8.142019630109575,1.5504313078147691,2.8139902004474617,0.11724959168531089,0.45225659737949575
