max_distance,min_distance,avg_distance,avg_speed,path_straightness
6.5492746615439845,1.706875412396147,2.942147956119425,0.12258949817164266,0.5161715730037472
