max_distance,min_distance,avg_distance,avg_speed,path_straightness
7.540126975962828,1.4297478012048694,2.9075762539393533,0.12114901058080636,0.4719665370725703
