max_distance,min_distance,avg_distance,avg_speed,path_straightness
7.756772047283967,1.5134339725955837,2.749400206530059,0.11455834193875247,0.4650517511220148
