max_distance,min_distance,avg_distance,avg_speed,path_straightness
9.562757883464819,1.6684013554859158,3.4617720398666267,0.1442405016611095,0.549696750360551
