max_distance,min_distance,avg_distance,avg_speed,path_straightness
7.481828301779773,0.8969232923326413,2.9564328439474137,0.12318470183114223,0.5100677991941898
