max_distance,min_distance,avg_distance,avg_speed,path_straightness
8.881997200516057,1.5121862698709765,3.8403253508486155,0.16001355628535893,0.5655149961777124
