max_distance,min_distance,avg_distance,avg_speed,path_straightness
5.628664886762106,0.9488006024083301,2.1997604068803165,0.0916566836200132,0.47392290138550325
