max_distance,min_distance,avg_distance,avg_speed,path_straightness
4.345232502045977,1.1503847668870169,2.187537539946426,0.09114739749776776,0.5426774121773791
