max_distance,min_distance,avg_distance,avg_speed,path_straightness
6.327833620451938,0.6746041970563688,2.3374912776885055,0.09739546990368776,0.5140199683078509
