max_distance,min_distance,avg_distance,avg_speed,path_straightness
4.6176857711459744,1.2026352442255592,2.233872794165192,0.09307803309021635,0.5595014583885962
