max_distance,min_distance,avg_distance,avg_speed,path_straightness
4.883441841419985,0.6967542310984063,2.0545205325410247,0.08560502218920936,0.5472222906200932
