max_distance,min_distance,avg_distance,avg_speed,path_straightness
4.944702415239724,1.4020797296930474,2.108219746599468,0.08784248944164448,0.4982724655837967
