max_distance,min_distance,avg_distance,avg_speed,path_straightness
3.4227472135984747,1.0477634997706162,1.825459606545221,0.038030408469692106,0.6212080368197413
