max_distance,min_distance,avg_distance,avg_speed,path_straightness
3.7084366790713488,1.2463420226350896,2.0815947547177647,0.04336655738995344,0.553205120936165
