max_distance,min_distance,avg_distance,avg_speed,path_straightness
3.785124205505526,1.1635315463501836,2.1206002695257635,0.04417917228178674,0.5174346243560288
