max_distance,min_distance,avg_distance,avg_speed,path_straightness
3.8972543274445313,1.2972840292961116,2.095316543932164,0.04365242799858676,0.5358590262965155
