max_distance,min_distance,avg_distance,avg_speed,path_straightness
5.840733224447244,1.4539970699031317,2.1796107645542255,0.04540855759487971,0.5026055880758868
