max_distance,min_distance,avg_distance,avg_speed,path_straightness
5.231640087361826,1.4423312331830203,2.1107383186351294,0.043973714971565186,0.5844630767631199
