max_distance,min_distance,avg_distance,avg_speed,path_straightness
6.73098900555208,1.3926752901575445,1.9462572199804236,0.040547025416258826,0.5809608471597774
