max_distance,min_distance,avg_distance,avg_speed,path_straightness
3.2790860831346134,1.0948214094631026,2.3507786157900226,0.04897455449562547,0.5144404027223057
