max_distance,min_distance,avg_distance,avg_speed,path_straightness
4.552313070229655,1.0725536777688294,2.168452695895303,0.045176097831152146,0.5049835303327606
