max_distance,min_distance,avg_distance,avg_speed,path_straightness
2.795772247158792,1.2254583209904906,1.9743630450066967,0.04113256343763951,0.5385610811296438
