max_distance,min_distance,avg_distance,avg_speed,path_straightness
10.603359886308061,1.178718786404519,2.6756439928880047,0.05574258318516676,0.5492319642952678
