max_distance,min_distance,avg_distance,avg_speed,path_straightness
6.174143007235073,1.2761044418407423,2.3440625716398067,0.04883463690916264,0.5145693756853509
