max_distance,min_distance,avg_distance,avg_speed,path_straightness
6.42408163061514,1.1581494560417758,2.3747295090063907,0.04947353143763313,0.4978014271693913
