max_distance,min_distance,avg_distance,avg_speed,path_straightness
8.90470839457666,0.9399452256214582,2.150615377173684,0.04480448702445175,0.47981411786904327
