max_distance,min_distance,avg_distance,avg_speed,path_straightness
7.479399437808444,0.7241042001246081,2.405472630010863,0.05011401312522632,0.542121193786339
