max_distance,min_distance,avg_distance,avg_speed,path_straightness
9.939546380159964,0.6879515794626624,2.5879354373923484,0.05391532161234059,0.53350186823906
