max_distance,min_distance,avg_distance,avg_speed,path_straightness
6.854212644504332,1.1811932561586622,2.3665433878394597,0.04930298724665542,0.5401642013115079
