max_distance,min_distance,avg_distance,avg_speed,path_straightness
7.556863452083442,1.232549329522523,2.470423547110961,0.051467157231478336,0.5529537685664643
