max_distance,min_distance,avg_distance,avg_speed,path_straightness
6.996537824840729,0.9720830014552745,2.181276160097418,0.04544325333536287,0.5058365240797993
