max_distance,min_distance,avg_distance,avg_speed,path_straightness
7.243563080244633,0.7356694177838693,2.314427147557002,0.048217232240770874,0.5326357022264503
