max_distance,min_distance,avg_distance,avg_speed,path_straightness
5.279928210650306,1.2119777737035298,2.222866120728476,0.09261942169701981,0.48663328698396
