max_distance,min_distance,avg_distance,avg_speed,path_straightness
5.358304479377936,1.3485867576857247,2.2783000717703796,0.09492916965709915,0.4959694278163356
