max_distance,min_distance,avg_distance,avg_speed,path_straightness
5.293345072137179,1.4994526169773743,2.3180821770119486,0.09658675737549784,0.4830386798557174
